Book Id,Title,Author,Author l-f,Additional Authors,ISBN,ISBN13,My Rating,Average Rating,Publisher,Binding,Number of Pages,Year Published,Original Publication Year,Date Read,Date Added,Bookshelves,Bookshelves with positions,Exclusive Shelf,My Review,Spoiler,Private Notes,Read Count,Owned Copies
50617439,Louvor da Terra,Byung-Chul Han,"Han, Byung-Chul",Miguel Serras Pereira,9896419884,9789900000000.0,0,3.76,Relógio D'Água Editores,Paperback,152.0,2020.0,2005.0,2021-01-01,2024-01-30,to-read,to-read (#179),to-read,False,False,False,0,0
11838916,Cat Stories (Everyman's Library Pocket Classics Series),Diana Secker Tesdell,"Tesdell, Diana Secker",,307700895,9780310000000.0,0,3.56,Everyman's Library,Hardcover,400.0,2011.0,2011.0,2021-01-01,2024-01-29,"cats, fiction, short-stories, currently-reading","cats (#5), fiction (#35), short-stories (#2), currently-reading (#13)",currently-reading,False,False,False,1,0
37844623,"The Blood (Jem Flockhart, #3)",E.S. Thomson,"Thomson, E.S.",,1472126572,9781470000000.0,5,4.08,Constable,Hardcover,375.0,2018.0,2018.0,2024-01-28,2024-01-18,"historical-fiction, mystery","historical-fiction (#5), mystery (#7)",read,False,False,False,1,0
124798505,Four Seasons in Japan,Nick  Bradley,"Bradley, Nick",,085752934X,9780860000000.0,0,4.26,Doubleday,Hardcover,336.0,2023.0,2023.0,2021-01-01,2023-12-08,to-read,to-read (#178),to-read,False,False,False,0,0
1464992,"""Reader's Digest"" Farmhouse Cookery: Recipes from the Country Kitchen",Reader's Digest,"Digest, Reader's",,276002105,9780280000000.0,5,4.8,Reader's Digest Association,Hardcover,400.0,1980.0,1980.0,2021-01-01,2023-12-05,"non-fiction, cookbook","non-fiction (#17), cookbook (#1)",read,False,False,False,1,0
40539188,The Elder Scrolls: The Official Cookbook,Chelsea Monroe-Cassel,"Monroe-Cassel, Chelsea",,1683833988,9781680000000.0,4,4.51,Insight Editions,Hardcover,192.0,2019.0,2019.0,2021-01-01,2023-12-05,"cookbook, non-fiction","cookbook (#2), non-fiction (#18)",read,False,False,False,0,0
13436287,Korea: The Impossible Country,Daniel Tudor,"Tudor, Daniel",,804842523,9780800000000.0,0,4.05,Tuttle Publishing,Hardcover,312.0,2012.0,2012.0,2021-01-01,2023-11-22,to-read,to-read (#177),to-read,False,False,False,0,0
202341478,Poetry Scraps,Rowan  Skye,"Skye, Rowan",,1728376033,9781730000000.0,0,0.0,AuthorHouse,Hardcover,116.0,2023.0,2007.0,2023-11-02,2023-11-12,poetry,poetry (#13),read,False,False,False,1,0
59629744,Diary of a Void,Emi Yagi,"Yagi, Emi","David Boyd, Lucy North",143136879,9780140000000.0,0,3.52,Viking,Hardcover,213.0,2022.0,2020.0,2021-01-01,2023-11-12,to-read,to-read (#176),to-read,False,False,False,0,0
18952341,"The Grace of Kings (The Dandelion Dynasty, #1)",Ken Liu,"Liu, Ken",,1481424270,9781480000000.0,0,3.78,Saga Press,Hardcover,640.0,2015.0,2015.0,2021-01-01,2023-11-03,"currently-reading, fantasy, novel","currently-reading (#12), fantasy (#120), novel (#8)",currently-reading,False,False,False,1,0
21981650,The Original Folk and Fairy Tales of the Brothers Grimm,Jacob Grimm,"Grimm, Jacob","Wilhelm Grimm, Jack D. Zipes, Andrea Dezso",691160597,9780690000000.0,0,4.28,Princeton University Press,Hardcover,568.0,2014.0,1812.0,2021-01-01,2023-10-16,"currently-reading, fantasy, novel, short-stories","currently-reading (#11), fantasy (#119), novel (#7), short-stories (#1)",currently-reading,False,False,False,1,0
179064,"The Goose Girl (The Books of Bayern, #1)",Shannon Hale,"Hale, Shannon",,1582349908,9781580000000.0,4,4.14,Bloomsbury Children's Books,Paperback,383.0,2005.0,2003.0,2023-10-16,2023-10-16,"fantasy, novel","fantasy (#118), novel (#6)",read,False,False,False,1,0
74928,"Hellsing, Vol. 1 (Hellsing, #1)",Kohta Hirano,"Hirano, Kohta","Duane Johnson, Wilbert Lacuna",159307056X,9781590000000.0,3,4.26,Dark Horse Comics LLC,Paperback,208.0,2009.0,1998.0,2023-10-07,2023-10-07,"fantasy, horror-thriller, manga","fantasy (#117), horror-thriller (#50), manga (#59)",read,False,False,False,1,0
54739527,ベルセルク 41 [Berserk 41],Kentaro Miura,"Miura, Kentaro",三浦建太郎,4592166914,9784590000000.0,5,4.84,白泉社,Paperback,180.0,2021.0,2021.0,2023-10-06,2023-10-06,"fantasy, horror-thriller, manga","fantasy (#116), horror-thriller (#49), manga (#58)",read,False,False,False,1,0
29540260,"Berserk, Volume 40 (Berserk Meio-Tanko, #40)",Kentaro Miura,"Miura, Kentaro",Drik Sada,,,5,4.87,Panini Comics,Paperback,128.0,2008.0,2007.0,2023-10-02,2023-10-02,"fantasy, horror-thriller, manga","fantasy (#115), horror-thriller (#48), manga (#57)",read,False,False,False,1,0
35524848,"ベルセルク 39 (Berserk, #39)",Kentaro Miura,"Miura, Kentaro",三浦建太郎,4592144392,9784590000000.0,5,4.75,白泉社,Paperback,196.0,2017.0,2017.0,2023-10-02,2023-10-02,"fantasy, horror-thriller, manga","fantasy (#114), horror-thriller (#47), manga (#56)",read,False,False,False,1,0
33253014,"Berserk, Vol. 38",Kentaro Miura,"Miura, Kentaro",,1506703984,9781510000000.0,5,4.69,Dark Horse Manga,Paperback,208.0,2017.0,2007.0,2023-10-02,2023-10-02,"fantasy, horror-thriller, manga","fantasy (#113), horror-thriller (#46), manga (#55)",read,False,False,False,1,0
51648276,Drive Your Plow Over the Bones of the Dead,Olga Tokarczuk,"Tokarczuk, Olga","Antonia Lloyd-Jones, Beata Poźniak",,,0,3.96,Penguin Audio,Audible Audio,266.0,2019.0,2009.0,2021-01-01,2023-10-02,to-read,to-read (#175),to-read,False,False,False,0,0
18208495,"Berserk, Vol. 37",Kentaro Miura,"Miura, Kentaro",Chris Warner,1616552050,9781620000000.0,5,4.63,Dark Horse Manga,Paperback,232.0,2013.0,2013.0,2023-09-30,2023-09-30,"fantasy, horror-thriller, manga","fantasy (#112), horror-thriller (#45), manga (#54)",read,False,False,False,1,0
15894058,"Berserk, Vol. 36",Kentaro Miura,"Miura, Kentaro",,1595829423,9781600000000.0,5,4.58,Dark Horse Manga,Paperback,211.0,2012.0,2011.0,2023-09-27,2023-09-27,"fantasy, horror-thriller, manga","fantasy (#111), horror-thriller (#44), manga (#53)",read,False,False,False,1,0
1054074,Poems Bewitched and Haunted (Everyman's Library Pocket Poets Series),John Hollander,"Hollander, John",,1400043883,9781400000000.0,0,3.9,Everyman's Library,Hardcover,256.0,2005.0,2005.0,2021-01-01,2023-09-27,to-read,to-read (#174),to-read,False,False,False,0,0
11452849,"Berserk, Vol. 35",Kentaro Miura,"Miura, Kentaro",,1595826955,9781600000000.0,5,4.57,Dark Horse Manga,Paperback,216.0,2011.0,2010.0,2023-09-26,2023-09-26,"fantasy, horror-thriller, manga","fantasy (#110), horror-thriller (#43), manga (#52)",read,False,False,False,1,0
8728667,"Berserk, Vol. 34",Kentaro Miura,"Miura, Kentaro",,1595825320,9781600000000.0,5,4.69,Dark Horse,Paperback,240.0,2010.0,2009.0,2023-09-26,2023-09-26,"fantasy, horror-thriller, manga","fantasy (#109), horror-thriller (#42), manga (#51)",read,False,False,False,1,0
7608213,"Berserk, Vol. 33",Kentaro Miura,"Miura, Kentaro",,1595823727,9781600000000.0,4,4.64,Dark Horse Manga,Paperback,232.0,2010.0,2008.0,2023-09-26,2023-09-26,"fantasy, horror-thriller, manga","fantasy (#108), horror-thriller (#41), manga (#50)",read,False,False,False,1,0
7399514,"Berserk, Vol. 32",Kentaro Miura,"Miura, Kentaro",,1595823670,9781600000000.0,5,4.63,Dark Horse Manga,Paperback,232.0,2009.0,2007.0,2023-09-26,2023-09-26,"fantasy, horror-thriller, manga","fantasy (#107), horror-thriller (#40), manga (#49)",read,False,False,False,1,0
1875541,"Berserk, Vol. 31",Kentaro Miura,"Miura, Kentaro",,1595823662,9781600000000.0,5,4.62,Dark Horse,Paperback,208.0,2009.0,2006.0,2023-09-26,2023-09-26,"fantasy, horror-thriller, manga","fantasy (#106), horror-thriller (#39), manga (#48)",read,False,False,False,1,0
6337758,"Berserk, Vol. 30",Kentaro Miura,"Miura, Kentaro",Duane Johnson,1595822119,9781600000000.0,5,4.61,Dark Horse,Paperback,208.0,2009.0,2006.0,2023-09-26,2023-09-26,"fantasy, horror-thriller, manga","fantasy (#105), horror-thriller (#38), manga (#47)",read,False,False,False,1,0
6276142,"Berserk, Vol. 29",Kentaro Miura,"Miura, Kentaro",,1595822100,9781600000000.0,5,4.57,Dark Horse Manga,Paperback,211.0,2009.0,2005.0,2023-09-25,2023-09-25,"fantasy, horror-thriller, manga","fantasy (#104), horror-thriller (#37), manga (#46)",read,False,False,False,1,0
5083854,"Berserk, Vol. 28",Kentaro Miura,"Miura, Kentaro",,1595822097,9781600000000.0,4,4.63,Dark Horse Manga,Paperback,240.0,2009.0,2005.0,2023-09-25,2023-09-25,"fantasy, horror-thriller, manga","fantasy (#103), horror-thriller (#36), manga (#45)",read,False,False,False,1,0
5083852,"Berserk, Vol. 27",Kentaro Miura,"Miura, Kentaro",,1593079230,9781590000000.0,5,4.67,Dark Horse Manga,Paperback,217.0,2009.0,2004.0,2023-09-24,2023-09-23,"fantasy, horror-thriller, manga","fantasy (#102), horror-thriller (#35), manga (#44)",read,False,False,False,1,0
248936,"Berserk, Vol. 26",Kentaro Miura,"Miura, Kentaro",,1593079222,9781590000000.0,5,4.69,Dark Horse,Paperback,224.0,2008.0,2003.0,2023-09-24,2023-09-23,"fantasy, horror-thriller, manga","fantasy (#101), horror-thriller (#34), manga (#43)",read,False,False,False,1,0
3586999,"Berserk, Vol. 25",Kentaro Miura,"Miura, Kentaro",,1593079214,9781590000000.0,5,4.61,Dark Horse Manga,Paperback,224.0,2008.0,2003.0,2023-09-24,2023-09-23,"fantasy, horror-thriller, manga","fantasy (#100), horror-thriller (#33), manga (#42)",read,False,False,False,1,0
2901744,"Berserk, Vol. 24",Kentaro Miura,"Miura, Kentaro",,159307865X,9781590000000.0,5,4.59,Dark Horse Manga,Paperback,204.0,2008.0,2002.0,2023-09-24,2023-09-23,"fantasy, horror-thriller, manga","fantasy (#99), horror-thriller (#32), manga (#41)",read,False,False,False,1,0
2571937,"Berserk, Vol. 23",Kentaro Miura,"Miura, Kentaro",,1593078641,9781590000000.0,5,4.6,Dark Horse Manga,Paperback,208.0,2008.0,2002.0,2023-09-23,2023-09-23,"fantasy, manga, horror-thriller","fantasy (#98), manga (#40), horror-thriller (#31)",read,False,False,False,1,0
327335,As Intermitências da Morte,José Saramago,"Saramago, José",,9722117386,9789720000000.0,0,4.0,Editorial Caminho,Paperback,214.0,2005.0,2005.0,2021-01-01,2023-08-21,to-read,to-read (#173),to-read,False,False,False,0,0
231561,Musui's Story: The Autobiography of a Tokugawa Samurai,Katsu Kokichi,"Kokichi, Katsu",Teruko Craig,816512566,9780820000000.0,0,3.51,University of Arizona Press,Paperback,174.0,1988.0,1843.0,2021-01-01,2023-08-19,to-read,to-read (#172),to-read,False,False,False,0,0
5040123,A is for Ox: A Short History of the Alphabet,Lyn Davies,"Davies, Lyn",,,,0,3.95,The Folio Society,Hardcover,128.0,2006.0,2004.0,2021-01-01,2023-08-17,to-read,to-read (#171),to-read,False,False,False,0,0
120506071,The Ancient Magus' Bride Vol. 18,Kore Yamazaki,"Yamazaki, Kore",,,,4,4.23,Seven Seas,Paperback,178.0,2023.0,2022.0,2023-07-27,2023-07-27,"fantasy, manga","fantasy (#97), manga (#39)",read,False,False,False,1,0
57917042,"Anatomy (The Anatomy Duology, #1)",Dana Schwartz,"Schwartz, Dana",,,,0,3.84,Wednesday Books,Hardcover,338.0,2022.0,2022.0,2021-01-01,2023-07-23,to-read,to-read (#170),to-read,False,False,False,0,0
61885131,Gwen & Art Are Not in Love,Lex Croucher,"Croucher, Lex",,1250847214,9781250000000.0,0,4.08,Wednesday Books,Hardcover,416.0,2023.0,2023.0,2021-01-01,2023-07-22,to-read,to-read (#169),to-read,False,False,False,0,0
26708763,A Concise History of Korea: From Antiquity to the Present,Michael J. Seth,"Seth, Michael J.",,1442235187,9781440000000.0,0,4.28,Rowman & Littlefield Publishers,ebook,612.0,2016.0,2016.0,2021-01-01,2023-07-22,"non-fiction, currently-reading","non-fiction (#16), currently-reading (#10)",currently-reading,False,False,False,1,0
60194162,Demon Copperhead,Barbara Kingsolver,"Kingsolver, Barbara",,,,0,4.52,Harper,Hardcover,560.0,2022.0,2022.0,2021-01-01,2023-07-22,to-read,to-read (#168),to-read,False,False,False,0,0
84471891,Os Meus Dias na Livraria Morisaki,Satoshi Yagisawa,"Yagisawa, Satoshi",,9722370472,9789720000000.0,0,3.66,Editorial Presença,Paperback,139.0,2023.0,2010.0,2021-01-01,2023-07-12,to-read,to-read (#167),to-read,False,False,False,0,0
62099460,Um Gato em Tóquio,Nick  Bradley,"Bradley, Nick",,,9789720000000.0,0,3.83,Editorial Presença ,Paperback,312.0,,2020.0,2021-01-01,2023-07-12,to-read,to-read (#166),to-read,False,False,False,0,0
60637192,Café de Gatos,Charlie Jonas,"Jonas, Charlie",,9892353498,9789890000000.0,0,3.57,Edições Asa,Paperback,304.0,2022.0,2020.0,2021-01-01,2023-07-12,to-read,to-read (#165),to-read,False,False,False,0,0
61505291,"Malarkoi (Cities of the Weft, #2)",Alex Pheby,"Pheby, Alex",,191311130X,9781910000000.0,0,3.8,Galley Beggar Press,Hardcover,519.0,2022.0,2023.0,2021-01-01,2023-07-12,to-read,to-read (#164),to-read,False,False,False,0,0
58664283,"Mordew (Cities of the Weft, #1)",Alex Pheby,"Pheby, Alex",,1913111121,9781910000000.0,3,3.59,Galley Beggar Press,Paperback,617.0,2021.0,2020.0,2023-11-15,2023-07-02,"fantasy, novel","fantasy (#96), novel (#5)",read,False,False,False,1,0
55781808,"A Senhora do Lago - Parte II (The Witcher, #7)",Andrzej Sapkowski,"Sapkowski, Andrzej",Olga Baginska-Shinzato,989773340X,9789900000000.0,5,4.22,Saída de Emergência,Paperback,288.0,2020.0,1999.0,2023-06-29,2023-06-02,"fantasy, novel","fantasy (#95), novel (#4)",read,False,False,False,1,0
61067597,Our Hideous Progeny,C.E. McGill,"McGill, C.E.",,857529048,9780860000000.0,0,3.99,Doubleday,Hardcover,400.0,2023.0,2023.0,2021-01-01,2023-05-27,to-read,to-read (#163),to-read,False,False,False,0,0
2571920,"Berserk, Vol. 22",Kentaro Miura,"Miura, Kentaro",,1593078633,9781590000000.0,5,4.67,Dark Horse Manga,Paperback,224.0,2008.0,2001.0,2023-05-25,2023-05-25,"fantasy, gothic, horror-thriller, manga","fantasy (#93), gothic (#26), horror-thriller (#30), manga (#38)",read,True,False,False,1,0
54591785,"A Senhora do Lago - Parte I (The Witcher, #7)",Andrzej Sapkowski,"Sapkowski, Andrzej",Olga Bagińska-Shinzat,,9789900000000.0,4,4.19,Saída de Emergência,Paperback,336.0,2020.0,1999.0,2023-05-31,2023-05-08,"fantasy, novel","fantasy (#92), novel (#3)",read,False,False,False,1,0
2001695,"Berserk, Vol. 21",Kentaro Miura,"Miura, Kentaro",,1593077467,9781590000000.0,5,4.66,Dark Horse Manga,Paperback,240.0,2008.0,2001.0,2023-05-05,2023-05-04,"fantasy, gothic, horror-thriller, manga","fantasy (#85), gothic (#6), horror-thriller (#27), manga (#35)",read,False,False,False,1,0
1898914,"Berserk, Vol. 20",Kentaro Miura,"Miura, Kentaro",,1593077459,9781590000000.0,5,4.64,Dark Horse Manga,Paperback,229.0,2007.0,2000.0,2023-05-02,2023-05-02,"fantasy, gothic, horror-thriller, manga","fantasy (#84), gothic (#5), horror-thriller (#26), manga (#34)",read,False,False,False,1,0
248868,"Berserk, Vol. 16",Kentaro Miura,"Miura, Kentaro",,1593077068,9781590000000.0,5,4.57,Dark Horse Manga,Paperback,234.0,2007.0,1998.0,2023-04-24,2023-04-26,"fantasy, horror-thriller, manga, gothic","fantasy (#80), horror-thriller (#22), manga (#30), gothic (#10)",read,False,False,False,1,0
248885,"Berserk, Vol. 17",Kentaro Miura,"Miura, Kentaro",,1593077424,9781590000000.0,5,4.6,Dark Horse Manga,Paperback,240.0,2007.0,1999.0,2023-04-27,2023-04-26,"fantasy, horror-thriller, manga, gothic","fantasy (#81), horror-thriller (#23), manga (#31), gothic (#9)",read,False,False,False,1,0
29538426,"Berserk, Volume 18 (Berserk Meio-Tanko, #18)",Kentaro Miura,"Miura, Kentaro",Drik Sada,,,5,4.85,Panini Comics,Paperback,128.0,2006.0,2007.0,2023-04-27,2023-04-26,"fantasy, horror-thriller, manga, gothic","fantasy (#82), horror-thriller (#24), manga (#32), gothic (#8)",read,False,False,False,1,0
708895,"Berserk, Volumen 19 (Berserk, #19)",Kentaro Miura,"Miura, Kentaro",,8496432394,9788500000000.0,5,4.63,MangaLine Ediciones,Paperback,240.0,2007.0,2000.0,2023-04-27,2023-04-26,"fantasy, manga, horror-thriller, gothic","fantasy (#83), manga (#33), horror-thriller (#25), gothic (#7)",read,False,False,False,1,0
248867,"Berserk, Vol. 14",Kentaro Miura,"Miura, Kentaro",,1593075014,9781590000000.0,5,4.57,Dark Horse Manga,Paperback,240.0,2006.0,1997.0,2023-04-12,2023-04-23,"fantasy, horror-thriller, manga, gothic","fantasy (#78), horror-thriller (#20), manga (#28), gothic (#12)",read,False,False,False,1,0
248869,"Berserk, Vol. 13",Kentaro Miura,"Miura, Kentaro",,1593075006,9781590000000.0,5,4.71,Dark Horse Manga,Paperback,240.0,2006.0,1997.0,2023-04-11,2023-04-23,"fantasy, horror-thriller, manga, gothic","fantasy (#77), horror-thriller (#19), manga (#27), gothic (#13)",read,False,False,False,1,0
248866,"Berserk, Vol. 15",Kentaro Miura,"Miura, Kentaro",Duane Johnson,1593075774,9781590000000.0,5,4.53,Dark Horse Manga,Paperback,240.0,2007.0,1998.0,2023-04-13,2023-04-23,"fantasy, horror-thriller, manga, gothic","fantasy (#79), horror-thriller (#21), manga (#29), gothic (#11)",read,False,False,False,1,0
248884,"Berserk, Vol. 6 (Berserk, #6)",Kentaro Miura,"Miura, Kentaro",,159307252X,9781590000000.0,5,4.63,Dark Horse Manga,Paperback,223.0,2005.0,1993.0,2023-04-02,2023-04-09,"fantasy, horror-thriller, manga, gothic","fantasy (#71), horror-thriller (#13), manga (#21), gothic (#20)",read,False,False,False,1,0
248883,"Berserk, Vol. 7 (Berserk, #7)",Kentaro Miura,"Miura, Kentaro",,1593073283,9781590000000.0,5,4.63,Dark Horse Manga,Paperback,231.0,2005.0,1994.0,2023-04-03,2023-04-09,"fantasy, horror-thriller, manga, gothic","fantasy (#72), horror-thriller (#14), manga (#22), gothic (#19)",read,False,False,False,1,0
248878,"Berserk, Vol. 8 (Berserk, #8)",Kentaro Miura,"Miura, Kentaro",,1593073291,9781590000000.0,5,4.7,Dark Horse Manga,Paperback,230.0,2005.0,1994.0,2023-04-04,2023-04-09,"fantasy, horror-thriller, manga, gothic","fantasy (#73), horror-thriller (#15), manga (#23), gothic (#18)",read,False,False,False,1,0
248882,"Berserk, Vol. 9",Kentaro Miura,"Miura, Kentaro",,1593073305,9781590000000.0,5,4.69,Dark Horse Manga,Paperback,234.0,2005.0,1995.0,2023-04-09,2023-04-09,"fantasy, horror-thriller, manga, gothic","fantasy (#74), horror-thriller (#16), manga (#24), gothic (#17)",read,False,False,False,1,0
248872,"Berserk, Vol. 10",Kentaro Miura,"Miura, Kentaro",,1593073313,9781590000000.0,5,4.7,Dark Horse Manga,Paperback,237.0,2006.0,1995.0,2023-04-10,2023-04-09,"fantasy, horror-thriller, manga, gothic","fantasy (#75), horror-thriller (#17), manga (#25), gothic (#16)",read,False,False,False,1,0
248879,"Berserk, Vol. 11",Kentaro Miura,"Miura, Kentaro",,1593074700,9781590000000.0,5,4.61,Dark Horse Manga,Paperback,234.0,2006.0,1996.0,2023-04-10,2023-04-09,"fantasy, gothic, horror-thriller, manga","fantasy (#86), gothic (#15), horror-thriller (#28), manga (#36)",read,False,False,False,1,0
248876,"Berserk, Vol. 12",Kentaro Miura,"Miura, Kentaro",,1593074840,9781590000000.0,5,4.75,Dark Horse Manga,Paperback,229.0,2006.0,1996.0,2023-04-10,2023-04-09,"fantasy, horror-thriller, manga, gothic","fantasy (#76), horror-thriller (#18), manga (#26), gothic (#14)",read,True,False,False,1,0
22948021,"The Way of Kings (The Stormlight Archive, #1)",Brandon Sanderson,"Sanderson, Brandon",,1473211514,9781470000000.0,0,4.66,Gollancz,Paperback,1124.0,2015.0,2010.0,2021-01-01,2023-03-31,to-read,to-read (#162),to-read,False,False,False,0,0
248870,"Berserk, Vol. 4 (Berserk, #4)",Kentaro Miura,"Miura, Kentaro",,1593072031,9781590000000.0,5,4.59,Dark Horse Manga,Paperback,240.0,2004.0,1992.0,2021-01-01,2023-03-23,"horror-thriller, manga, fantasy, gothic","horror-thriller (#12), manga (#20), fantasy (#88), gothic (#22)",read,False,False,False,1,0
248881,"Berserk, Vol. 5 (Berserk, #5)",Kentaro Miura,"Miura, Kentaro",,1593072511,9781590000000.0,5,4.62,Dark Horse Books/Digital Manga Publishing,Paperback,240.0,2004.0,1993.0,2023-03-24,2023-03-23,"fantasy, gothic, horror-thriller, manga","fantasy (#87), gothic (#21), horror-thriller (#29), manga (#37)",read,False,False,False,1,0
248871,"Berserk, Vol. 1 (Berserk, #1)",Kentaro Miura,"Miura, Kentaro",,1593070209,9781590000000.0,5,4.48,Dark Horse Manga,Paperback,224.0,2003.0,1990.0,2023-03-02,2023-03-20,"horror-thriller, manga, fantasy, gothic","horror-thriller (#9), manga (#17), fantasy (#91), gothic (#25)",read,False,False,False,1,0
248873,"Berserk, Vol. 2 (Berserk, #2)",Kentaro Miura,"Miura, Kentaro",,1593070217,9781590000000.0,5,4.44,Dark Horse Manga,Paperback,240.0,2004.0,1991.0,2023-03-02,2023-03-20,"horror-thriller, manga, fantasy, gothic","horror-thriller (#10), manga (#18), fantasy (#90), gothic (#24)",read,False,False,False,1,0
248874,"Berserk, Vol. 3 (Berserk, #3)",Kentaro Miura,"Miura, Kentaro",,1593070225,9781590000000.0,5,4.56,Dark Horse Comics LLC,Paperback,240.0,2004.0,1991.0,2023-03-23,2023-03-20,"horror-thriller, manga, fantasy, gothic","horror-thriller (#11), manga (#19), fantasy (#89), gothic (#23)",read,True,True,False,1,0
90535723,The Ancient Magus' Bride Vol. 17,Kore Yamazaki,"Yamazaki, Kore",,,,4,4.25,Seven Seas,Kindle Edition,187.0,2023.0,2022.0,2023-03-17,2023-03-17,Not assigned,Not assigned,read,False,False,False,1,0
59054272,"The Ancient Magus' Bride, Vol. 16",Kore Yamazaki,"Yamazaki, Kore",,1638582947,9781640000000.0,4,4.16,Seven Seas,Paperback,196.0,2022.0,2021.0,2023-03-12,2023-03-12,"fantasy, manga","fantasy (#70), manga (#16)",read,True,True,False,1,0
60473073,Pageboy,Elliot Page,"Page, Elliot",,,,0,3.78,Flatiron,Paperback,271.0,2023.0,2023.0,2021-01-01,2023-03-07,to-read,to-read (#161),to-read,False,False,False,0,0
12974171,Frankenstein,Mary Wollstonecraft Shelley,"Shelley, Mary Wollstonecraft",Paul Cantor,141198966,9780140000000.0,0,3.87,Penguin,Paperback,269.0,2012.0,1818.0,2021-01-01,2023-03-07,to-read,to-read (#160),to-read,False,False,False,0,0
3936871,Faust: Part One,Johann Wolfgang von Goethe,"Goethe, Johann Wolfgang von",David Luke,019953621X,9780200000000.0,0,3.86,Oxford University Press,Paperback,176.0,2008.0,1808.0,2021-01-01,2023-03-07,to-read,to-read (#159),to-read,False,False,False,0,0
32840979,"Dark Asylum (Jem Flockhart, #2)",E.S. Thomson,"Thomson, E.S.",,,,0,3.92,Constable,Kindle Edition,383.0,2017.0,2017.0,2021-01-01,2023-03-06,"historical-fiction, horror-thriller","historical-fiction (#4), horror-thriller (#8)",read,True,False,False,0,0
61473944,The Smile of a Mountain Witch: Five Books and Ten Words,Calum Hawkes,"Hawkes, Calum",,,,0,5.0,Dark Horse Manga,Kindle Edition,272.0,2022.0,2007.0,2021-01-01,2023-02-20,to-read,to-read (#158),to-read,False,False,False,0,0
50781007,Chinese Fairy Tales and Legends: A Gift Edition of 73 Enchanting Chinese Folk Stories and Fairy Tales,Frederick H. Martens,"Martens, Frederick H.",Richard Wilhelm,1912392143,9781910000000.0,0,3.47,Bloomsbury China,Kindle Edition,288.0,2019.0,2019.0,2021-01-01,2023-01-18,to-read,to-read (#132),to-read,False,False,False,0,1
36399231,The Nature of Winter,Jim Crumley,"Crumley, Jim",,1912235099,9781910000000.0,0,3.89,Saraband,Kindle Edition,206.0,2017.0,2017.0,2021-01-01,2023-01-18,to-read,to-read (#137),to-read,False,False,False,0,1
1497533,Waters Of The Wild Swan,Jim Crumley,"Crumley, Jim",,224032828,9780220000000.0,0,4.0,Whittles Publishing,Hardcover,176.0,1992.0,1992.0,2021-01-01,2023-01-18,to-read,to-read (#155),to-read,False,False,False,0,0
2356950,Badgers on the Highland Edge,Jim Crumley,"Crumley, Jim",,224036424,9780220000000.0,0,3.71,Whittles Publishing,Hardcover,160.0,1994.0,1994.0,2021-01-01,2023-01-18,to-read,to-read (#156),to-read,False,False,False,0,0
12119679,Gulfs of Blue Air: A Highland Journey,Jim Crumley,"Crumley, Jim",,1851588892,9781850000000.0,0,4.0,Mainstream Publishing,Hardcover,192.0,1997.0,1997.0,2021-01-01,2023-01-18,to-read,to-read (#154),to-read,False,False,False,0,0
21016361,Isle of Skye: Souvenir Guide,Jim Crumley,"Crumley, Jim",,1841074500,9781840000000.0,0,4.33,Colin Baxter Photography Ltd,Paperback,32.0,2009.0,2009.0,2021-01-01,2023-01-18,to-read,to-read (#157),to-read,False,False,False,0,0
14996110,Brother Nature,Jim Crumley,"Crumley, Jim",,1904445349,9781900000000.0,0,4.75,Whittles Publishing,Hardcover,176.0,2007.0,2007.0,2021-01-01,2023-01-18,to-read,to-read (#153),to-read,False,False,False,0,0
39928617,Kingfisher,Jim Crumley,"Crumley, Jim",,191223503X,9781910000000.0,0,4.23,Saraband,Hardcover,64.0,2018.0,2007.0,2021-01-01,2023-01-18,to-read,to-read (#152),to-read,False,False,False,0,0
30361192,Swan (Encounters In The Wild),Jim Crumley,"Crumley, Jim",,1910192120,9781910000000.0,0,4.38,Saraband,Hardcover,64.0,2015.0,2007.0,2021-01-01,2023-01-18,to-read,to-read (#151),to-read,False,False,False,0,0
43358096,Otter (Encounters in the Wild),Jim Crumley,"Crumley, Jim",,1912235048,9781910000000.0,0,4.36,Saraband,Hardcover,64.0,2018.0,2007.0,2021-01-01,2023-01-18,to-read,to-read (#150),to-read,False,False,False,0,0
2356946,A High and Lonely Place,Jim Crumley,"Crumley, Jim",,1870325680,9781870000000.0,0,4.0,Whittles Publishing,Paperback,164.0,2001.0,1992.0,2021-01-01,2023-01-18,to-read,to-read (#149),to-read,False,False,False,0,0
30040015,Hare (Encounters in the Wild),Jim Crumley,"Crumley, Jim",,1910192139,9781910000000.0,0,4.12,Saraband,Hardcover,62.0,2015.0,2007.0,2021-01-01,2023-01-18,to-read,to-read (#148),to-read,False,False,False,0,0
36517358,Badger (Encounters in the Wild),Jim Crumley,"Crumley, Jim",,1910192627,9781910000000.0,0,4.45,Saraband,Hardcover,64.0,2016.0,2007.0,2021-01-01,2023-01-18,to-read,to-read (#146),to-read,False,False,False,0,0
8328876,The Winter Whale,Jim Crumley,"Crumley, Jim",,184158732X,9781840000000.0,0,3.52,Birlinn,Paperback,224.0,2008.0,2008.0,2021-01-01,2023-01-18,to-read,to-read (#147),to-read,False,False,False,0,0
25694383,Nature's Architect: The beaver's return to our wild landscapes,Jim Crumley,"Crumley, Jim",,,9781910000000.0,0,3.86,Saraband,Paperback,240.0,2015.0,2015.0,2021-01-01,2023-01-18,to-read,to-read (#145),to-read,False,False,False,0,0
2511233,The Company of Swans,Jim Crumley,"Crumley, Jim",Harry Brockway,1860465587,9781860000000.0,0,4.29,Harvill Pr,Hardcover,48.0,1998.0,1997.0,2021-01-01,2023-01-18,to-read,to-read (#144),to-read,False,False,False,0,0
23464447,Fox (Encounters in the Wild),Jim Crumley,"Crumley, Jim",,1908643757,9781910000000.0,0,4.12,Saraband,Hardcover,64.0,2014.0,2014.0,2021-01-01,2023-01-18,to-read,to-read (#143),to-read,False,False,False,0,0
23464458,Barn Owl (Encounters in the Wild),Jim Crumley,"Crumley, Jim",,1908643749,9781910000000.0,0,4.12,Saraband,Hardcover,64.0,2014.0,2014.0,2021-01-01,2023-01-18,to-read,to-read (#142),to-read,False,False,False,0,0
9758360,The Last Wolf,Jim Crumley,"Crumley, Jim",,1841588474,9781840000000.0,0,3.91,Birlinn,Paperback,235.0,2010.0,2010.0,2021-01-01,2023-01-18,to-read,to-read (#141),to-read,False,False,False,0,0
52893923,The Nature of Summer,Jim Crumley,"Crumley, Jim",,,9781910000000.0,0,4.12,Saraband,Hardcover,240.0,2020.0,2020.0,2021-01-01,2023-01-18,to-read,to-read (#140),to-read,False,False,False,0,0
44462584,The Nature of Spring,Jim Crumley,"Crumley, Jim",,,,0,3.8,Saraband,Kindle Edition,219.0,2019.0,2019.0,2021-01-01,2023-01-18,to-read,to-read (#139),to-read,False,False,False,0,0
30305492,The Nature of Autumn,Jim Crumley,"Crumley, Jim",,1910192465,9781910000000.0,0,3.7,Saraband,Hardcover,248.0,2016.0,2016.0,2021-01-01,2023-01-18,to-read,to-read (#138),to-read,False,False,False,0,0
56075256,The Haunting Season: Ghostly Tales for Long Winter Nights,Bridget Collins,"Collins, Bridget","Natasha Pulley, Imogen Hermes Gowar, Kiran Millwood Hargrave, Andrew Michael Hurley, Jess Kidd, Elizabeth Macneal, Laura  Purcell",751581976,9780750000000.0,0,3.59,Sphere,Hardcover,304.0,2021.0,2021.0,2021-01-01,2023-01-18,to-read,to-read (#136),to-read,False,False,False,0,0
891814,"Fires of Winter (Haardrad Viking Family, #1)",Johanna Lindsey,"Lindsey, Johanna",Robert McGinnis,380757478,9780380000000.0,0,3.97,Avon,Paperback,362.0,1980.0,1980.0,2021-01-01,2023-01-18,to-read,to-read (#135),to-read,False,False,False,0,0
15702859,The Winter Witch,Paula Brackston,"Brackston, Paula",,1250001315,9781250000000.0,0,3.71,Thomas Dunne Books,Hardcover,340.0,2013.0,2013.0,2021-01-01,2023-01-18,to-read,to-read (#134),to-read,False,False,False,0,0
112525,Winter's Bone,Daniel Woodrell,"Woodrell, Daniel",,,,0,3.86,"Little, Brown and Company",Hardcover,193.0,2006.0,2006.0,2021-01-01,2023-01-18,to-read,to-read (#133),to-read,False,False,False,0,0
6294,"Howl’s Moving Castle (Howl’s Moving Castle, #1)",Diana Wynne Jones,"Jones, Diana Wynne",,006441034X,9780060000000.0,5,4.29,Harper Trophy,Mass Market Paperback,329.0,2001.0,1986.0,2023-01-04,2023-01-04,"fantasy, novel","fantasy (#69), novel (#2)",read,True,True,False,1,1
60102777,The Hidden Case of Ewan Forbes: The Transgender Trial that Threatened to Upend the British Establishment,Zoë Playdon,"Playdon, Zoë",,152661913X,9781530000000.0,0,4.06,Bloomsbury Publishing,Hardcover,0.0,2021.0,2021.0,2021-01-01,2023-01-02,to-read,to-read (#131),to-read,False,False,False,0,0
55276456,"魔法使いの嫁 15 (Mahōtsukai no yome, #15)",Kore Yamazaki,"Yamazaki, Kore",ヤマザキコレ,4800010551,9784800000000.0,3,4.11,マッグガーデン,Paperback,272.0,2021.0,2007.0,2023-01-01,2023-01-01,"fantasy, manga, mystery","fantasy (#68), manga (#14), mystery (#5)",read,True,False,False,1,0
2463824,Magic and Witchcraft in Scotland,Joyce Miller,"Miller, Joyce",,1899874461,9781900000000.0,0,3.35,Goblinshead,Paperback,164.0,2004.0,2004.0,2021-01-01,2023-01-01,to-read,to-read (#130),to-read,False,False,False,0,0
59827574,"Witchcraft for Beginners: Secrets of Celtic Wicca, Scottish Magick, Irish Pagan Beliefs, Moon Spells, Herbal Magic, Crystals, and Wiccan Rituals (Spiritual Witchcraft)",Mari Silva,"Silva, Mari",,,,0,4.1,Dark Horse Manga,Kindle Edition,135.0,2021.0,2007.0,2021-01-01,2023-01-01,to-read,to-read (#129),to-read,False,False,False,0,0
28476439,"Witchcraft and Folk Belief in the Age of Enlightenment: Scotland, 1670-1740 (Palgrave Historical Studies in Witchcraft and Magic)",Lizanne Henderson,"Henderson, Lizanne",,230294383,9780230000000.0,0,4.6,Palgrave Macmillan,Hardcover,397.0,2016.0,2007.0,2021-01-01,2023-01-01,to-read,to-read (#128),to-read,False,False,False,0,0
18995511,Witchcraft and Second Sight in the Highlands and Islands of Scotland,John Gregorson Campbell,"Campbell, John Gregorson",,,,0,3.51,AlbaCraft Publishing,Kindle Edition,330.0,2012.0,1901.0,2021-01-01,2023-01-01,to-read,to-read (#127),to-read,False,False,False,0,0
55694416,"Scottish Witchcraft A Complete Guide to Authentic Folklore, Spells, and Magickal Tools","Barbara Meiklejohn-Free, Ronald Hutton - foreword","foreword, Barbara Meiklejohn-Free, Ronald Hutton -",,,,0,3.71,Dark Horse Manga,Paperback,272.0,,2007.0,2021-01-01,2023-01-01,to-read,to-read (#126),to-read,False,False,False,0,0
7193174,"Scottish Witchcraft, Charms And Superstitions",James Napier,"Napier, James",,1901163318,9781900000000.0,0,4.67,Oakleaf Books,Paperback,65.0,2001.0,2001.0,2021-01-01,2023-01-01,to-read,to-read (#125),to-read,False,False,False,0,0
4210896,A Source-book of Scottish Witchcraft,Christina Larner,"Larner, Christina","Christopher Hyde Lee, Hugh V. McLachlan",1845300289,9781850000000.0,0,4.0,Zeticula,Paperback,356.0,2005.0,2007.0,2021-01-01,2023-01-01,to-read,to-read (#124),to-read,False,False,False,0,0
18874042,"Witch, Warlock, and Magician Historical Sketches of Magic and Witchcraft in England and Scotland",William Henry Davenport Adams,"Adams, William Henry Davenport",,,,0,3.45,Dark Horse Manga,Kindle Edition,430.0,2012.0,1889.0,2021-01-01,2023-01-01,to-read,to-read (#123),to-read,False,False,False,0,0
1734638,"Visions of Isobel Gowdie: Magic, Witchcraft and Dark Shamanism in Seventeenth-Century Scotland",Emma Wilby,"Wilby, Emma",,1845191803,9781850000000.0,0,4.48,Liverpool University Press,Paperback,538.0,2010.0,2008.0,2021-01-01,2023-01-01,to-read,to-read (#122),to-read,False,False,False,0,0
43626394,"Scottish Witchcraft: A Complete Guide to Authentic Folklore, Spells, and Magickal Tools",Barbara Meiklejohn-Free,"Meiklejohn-Free, Barbara",Ronald Hutton,738760935,9780740000000.0,0,3.46,Llewellyn Publications,Paperback,288.0,2019.0,2007.0,2021-01-01,2023-01-01,to-read,to-read (#121),to-read,False,False,False,0,0
591028,Scottish Witchcraft: The History and Magick of the Picts,Raymond Buckland,"Buckland, Raymond",,875420575,9780880000000.0,0,3.67,Llewellyn Publications,Paperback,256.0,1991.0,1991.0,2021-01-01,2023-01-01,to-read,to-read (#120),to-read,False,False,False,0,0
43626389,The Way of Fire and Ice: The Living Tradition of Norse Paganism,Ryan Smith,"Smith, Ryan",,738760048,9780740000000.0,0,4.11,Llewellyn Publications,Paperback,288.0,2019.0,2007.0,2021-01-01,2023-01-01,to-read,to-read (#119),to-read,False,False,False,0,0
54419530,"Elves, Witches & Gods: Spinning Old Heathen Magic in the Modern Day",Cat Heath,"Heath, Cat",Patricia M. Lafayllve,,,0,4.3,Llewellyn Publications,Kindle Edition,346.0,2021.0,2007.0,2021-01-01,2023-01-01,to-read,to-read (#118),to-read,False,False,False,0,0
17436869,A Practical Heathen's Guide to Asatru,Patricia M. Lafayllve,"Lafayllve, Patricia M.",,738733873,9780740000000.0,0,3.94,Llewellyn Publications,Paperback,264.0,2013.0,2013.0,2021-01-01,2023-01-01,to-read,to-read (#117),to-read,False,False,False,0,0
55410532,Anatomy of a Witch: A Map to the Magical Body,Laura Tempest Zakroff,"Zakroff, Laura Tempest",Christopher Penczak,738764345,9780740000000.0,0,4.16,Llewellyn Publications,Paperback,194.0,2021.0,2021.0,2021-01-01,2023-01-01,to-read,to-read (#116),to-read,False,False,False,0,0
11054759,Celtic Lore & Spellcraft of the Dark Goddess: Invoking the Morrigan,Stephanie Woodfield,"Woodfield, Stephanie",,738727679,9780740000000.0,0,4.28,Llewellyn Publications,Paperback,432.0,2011.0,2011.0,2021-01-01,2023-01-01,to-read,to-read (#115),to-read,False,False,False,0,0
44442898,The Morrigan: Celtic Goddess of Magick and Might,Courtney Weber,"Weber, Courtney",Lora O'Brien,1578636639,9781580000000.0,0,4.3,Weiser Books,Paperback,240.0,2019.0,2007.0,2021-01-01,2023-01-01,to-read,to-read (#114),to-read,False,False,False,0,0
379759,Celtic Myth & Magick: Harnessing the Power of the Gods and Goddesses,Edain McCoy,"McCoy, Edain",,1567186610,9781570000000.0,0,3.84,Llewellyn Publications,Paperback,464.0,2002.0,1999.0,2021-01-01,2023-01-01,to-read,to-read (#113),to-read,False,False,False,0,0
559742,A Book of Pagan Prayer,Ceisiwr Serith,"Serith, Ceisiwr",,1578632552,9781580000000.0,0,4.11,Weiser Books,Paperback,320.0,2002.0,2002.0,2021-01-01,2023-01-01,to-read,to-read (#112),to-read,False,False,False,0,0
58662507,"Nona the Ninth (The Locked Tomb, #3)",Tamsyn Muir,"Muir, Tamsyn",,1250854113,9781250000000.0,0,4.35,Tordotcom,Hardcover,480.0,2022.0,2022.0,2021-01-01,2022-12-31,"fantasy, fiction, gothic, audiobook, sci-fi, currently-reading","fantasy (#94), fiction (#33), gothic (#27), audiobook (#1), sci-fi (#1), currently-reading (#9)",currently-reading,False,False,False,1,0
53465671,"The Mysterious Study of Doctor Sex (The Locked Tomb, #0.5)",Tamsyn Muir,"Muir, Tamsyn",,,,0,4.12,Tor Books,ebook,28.0,2020.0,2020.0,2021-01-01,2022-12-31,to-read,to-read (#111),to-read,False,False,False,0,0
39325106,"Alecto the Ninth (The Locked Tomb, #4)",Tamsyn Muir,"Muir, Tamsyn",,,,0,4.44,Tor Publishing Group,Hardcover,272.0,2024.0,2024.0,2021-01-01,2022-12-31,to-read,to-read (#110),to-read,False,False,False,0,0
58662978,"As Yet Unsent (The Locked Tomb, #2.5)",Tamsyn Muir,"Muir, Tamsyn",,,,0,4.39,Tor.com,ebook,24.0,2022.0,2021.0,2021-01-01,2022-12-31,to-read,to-read (#109),to-read,False,False,False,0,0
20702683,"A Hangman's Diary: The Journal of Master Franz Schmidt, Public Executioner of Nuremberg, 1573-1617",Franz Schmidt,"Schmidt, Franz","Albrecht Keller, C. Calvert, A.W. Gruner",1629144800,9781630000000.0,0,3.58,Skyhorse,Paperback,280.0,2015.0,1928.0,2021-01-01,2022-12-29,"non-fiction, currently-reading","non-fiction (#15), currently-reading (#8)",currently-reading,False,False,False,1,0
32758901,"All Systems Red (The Murderbot Diaries, #1)",Martha Wells,"Wells, Martha",,,,0,4.16,Tor.com,ebook,144.0,2017.0,2017.0,2021-01-01,2022-12-11,to-read,to-read (#108),to-read,False,False,False,0,0
386372,"Mort (Discworld, #4; Death, #1)",Terry Pratchett,"Pratchett, Terry",,61020680,9780060000000.0,5,4.24,Harpertorch,Mass Market Paperback,243.0,2001.0,1987.0,2022-11-21,2022-11-20,Not assigned,Not assigned,read,True,False,False,1,0
57789637,"Daughter of the Moon Goddess (The Celestial Kingdom Duology, #1)",Sue Lynn Tan,"Tan, Sue Lynn",Kuri Huang,63031302,9780060000000.0,0,4.12,Harper Voyager,Hardcover,503.0,2022.0,2022.0,2021-01-01,2022-11-13,to-read,to-read (#107),to-read,False,False,False,0,0
53426697,"The Ancient Magus' Bride, Vol. 14",Kore Yamazaki,"Yamazaki, Kore",,1645058050,9781650000000.0,4,4.16,Seven Seas,Paperback,180.0,2021.0,2020.0,2022-10-20,2022-10-19,manga,manga (#13),read,False,False,False,1,0
52180399,The Only Good Indians,Stephen Graham Jones,"Jones, Stephen Graham",,1982136456,9781980000000.0,0,3.71,Gallery / Saga Press,Hardcover,305.0,2020.0,2020.0,2021-01-01,2022-10-19,to-read,to-read (#106),to-read,False,False,False,0,0
57010080,Lute,Jennifer Marie Thorne,"Thorne, Jennifer Marie",,125082608X,9781250000000.0,0,3.63,Tor Nightfire,Hardcover,274.0,2022.0,2022.0,2021-01-01,2022-10-19,to-read,to-read (#105),to-read,False,False,False,0,0
816085,Harvest Home,Thomas Tryon,"Tryon, Thomas",,394485289,9780390000000.0,0,3.82,Alfred A. Knopf,Hardcover,401.0,1973.0,1973.0,2021-01-01,2022-10-19,to-read,to-read (#104),to-read,False,False,False,0,0
160149,The Call of Cthulhu and Other Weird Stories,H.P. Lovecraft,"Lovecraft, H.P.",S.T. Joshi,141182342,9780140000000.0,0,4.14,Penguin Classics,Paperback,420.0,1999.0,1926.0,2021-01-01,2022-10-19,to-read,to-read (#103),to-read,False,False,False,0,0
35458733,The Silent Companions,Laura  Purcell,"Purcell, Laura",,014313163X,9780140000000.0,0,3.89,Penguin Books,Paperback,305.0,2018.0,2017.0,2021-01-01,2022-10-19,to-read,to-read (#102),to-read,False,False,False,0,0
56179382,Comfort Me with Apples,Catherynne M. Valente,"Valente, Catherynne M.",,1250816211,9781250000000.0,0,3.59,Tordotcom,Hardcover,103.0,2021.0,2021.0,2021-01-01,2022-10-19,to-read,to-read (#101),to-read,False,False,False,0,0
31147267,The Changeling,Victor LaValle,"LaValle, Victor",,812995945,9780810000000.0,0,3.79,Spiegel & Grau,Hardcover,431.0,2017.0,2017.0,2021-01-01,2022-10-19,to-read,to-read (#100),to-read,False,False,False,0,0
11282000,"Rosemary's Baby (Rosemary's Baby, #1)",Ira Levin,"Levin, Ira",Chuck Palahniuk,1849015880,9781850000000.0,0,4.04,Corsair,Paperback,229.0,2011.0,1967.0,2021-01-01,2022-10-19,to-read,to-read (#99),to-read,False,False,False,0,0
53195923,Nothing But Blackened Teeth,Cassandra Khaw,"Khaw, Cassandra",,1250759412,9781250000000.0,0,2.68,Tor Nightfire,Hardcover,128.0,2021.0,2021.0,2021-01-01,2022-10-19,to-read,to-read (#98),to-read,False,False,False,0,0
59366206,Reluctant Immortals,Gwendolyn Kiste,"Kiste, Gwendolyn",,1982172355,9781980000000.0,0,3.57,S&S/Saga Press,Paperback,307.0,2022.0,2022.0,2021-01-01,2022-10-19,to-read,to-read (#97),to-read,False,False,False,0,0
60052118,House of Hunger,Alexis Henderson,"Henderson, Alexis",,593438469,9780590000000.0,0,3.66,Ace,Hardcover,304.0,2022.0,2022.0,2021-01-01,2022-10-19,to-read,to-read (#96),to-read,False,False,False,0,0
43763,"Interview with the Vampire (The Vampire Chronicles, #1)",Anne Rice,"Rice, Anne",,345476875,9780350000000.0,0,4.02,Ballantine Books,Paperback,346.0,2004.0,1976.0,2021-01-01,2022-10-19,to-read,to-read (#95),to-read,False,False,False,0,0
588495,Dracula,Bram Stoker,"Stoker, Bram","Maurice Hindle, Christopher Frayling",014143984X,9780140000000.0,0,4.01,Penguin Classics,Paperback,454.0,2003.0,1897.0,2021-01-01,2022-10-19,to-read,to-read (#94),to-read,False,False,False,0,0
41085175,"The Ancient Magus' Bride, Vol. 11 (The Ancient Magus' Bride, #11)",Kore Yamazaki,"Yamazaki, Kore",,1642751014,9781640000000.0,0,4.26,Seven Seas,Paperback,180.0,2019.0,2019.0,2021-01-01,2022-09-28,"manga, fantasy","manga (#12), fantasy (#66)",read,False,False,False,0,0
49435923,"The Ancient Magus' Bride, Vol. 13",Kore Yamazaki,"Yamazaki, Kore",,1645054705,9781650000000.0,4,4.25,Seven Seas,Paperback,188.0,2020.0,2020.0,2022-09-28,2022-09-28,"manga, fantasy","manga (#11), fantasy (#65)",read,False,False,False,2,0
30075802,"The Princess Saves Herself in This One (Women Are Some Kind of Magic, #1)",Amanda Lovelace,"Lovelace, Amanda",,1532913680,9781530000000.0,0,3.83,CreateSpace,Paperback,156.0,2016.0,2016.0,2021-01-01,2022-09-09,to-read,to-read (#93),to-read,False,False,False,0,0
59571699,Love on the Brain (The Love Hypothesis),Ali Hazelwood,"Hazelwood, Ali",,1408725789,,0,3.93,Sphere,Kindle Edition,368.0,2022.0,2022.0,2021-01-01,2022-08-31,to-read,to-read (#92),to-read,False,False,False,0,0
55502861,"The Wisteria Society of Lady Scoundrels (Dangerous Damsels, #1)",India Holton,"Holton, India",,593200160,9780590000000.0,0,3.69,Berkley,Paperback,324.0,2021.0,2021.0,2021-01-01,2022-08-26,to-read,to-read (#91),to-read,False,False,False,0,0
513969,Witchfinders: A Seventeenth-Century English Tragedy. Malcolm Gaskill,Malcolm Gaskill,"Gaskill, Malcolm",,719561213,9780720000000.0,0,3.3,John Murray Publishers,Paperback,384.0,2006.0,2005.0,2021-01-01,2022-08-17,"to-read, occult","to-read (#90), occult (#13)",to-read,False,False,False,0,0
20493625,Witches: James I and the English Witch Hunts,Tracy Borman,"Borman, Tracy",,009954914X,9780100000000.0,0,3.53,Vintage,Paperback,320.0,2014.0,2013.0,2021-01-01,2022-08-17,"to-read, occult","to-read (#89), occult (#12)",to-read,False,False,False,0,0
60840489,"Unseelie (The Unseelie Duology, #1)",Ivelisse Housman,"Housman, Ivelisse",,1335428593,9781340000000.0,0,3.76,Inkyard Press,Hardcover,432.0,2023.0,2023.0,2021-01-01,2022-08-14,to-read,to-read (#88),to-read,False,False,False,0,0
41580931,An Arrow to the Moon,Emily X.R. Pan,"Pan, Emily X.R.",,316464058,9780320000000.0,0,3.45,"Little, Brown Books For Young Readers",Hardcover,400.0,2022.0,2022.0,2021-01-01,2022-08-09,to-read,to-read (#87),to-read,False,False,False,0,0
50608676,"Black Leopard, Red Wolf (The Dark Star Trilogy, #1)",Marlon James,"James, Marlon",,735220182,9780740000000.0,0,3.45,Riverhead Books,Paperback,640.0,2020.0,2019.0,2021-01-01,2022-08-09,to-read,to-read (#86),to-read,False,False,False,0,0
77197,"Assassin's Apprentice (Farseer Trilogy, #1)",Robin Hobb,"Hobb, Robin",,055357339X,9780550000000.0,0,4.18,Spectra Books,Mass Market Paperback,435.0,1996.0,1995.0,2021-01-01,2022-08-09,to-read,to-read (#85),to-read,False,False,False,0,0
43332963,Children of Blood and Bone: The Orisha Legacy (Legacy of Orisha),Tomi Adeyemi,"Adeyemi, Tomi",,1432864092,9781430000000.0,0,4.11,Thorndike Press Large Print,Library Binding,873.0,2019.0,2018.0,2021-01-01,2022-08-09,to-read,to-read (#84),to-read,False,False,False,0,0
68428,"The Final Empire (Mistborn, #1)",Brandon Sanderson,"Sanderson, Brandon",,,9780770000000.0,0,4.48,Tor Books,Hardcover,537.0,2006.0,2006.0,2021-01-01,2022-07-20,to-read,to-read (#83),to-read,False,False,False,0,0
59639195,A Torre da Andorinha,Andrzej Sapkowski,"Sapkowski, Andrzej",,,,0,4.22,Dark Horse Manga,Kindle Edition,272.0,2020.0,1997.0,2022-10-01,2022-07-09,"fantasy, novel","fantasy (#64), novel (#1)",read,False,False,False,1,0
60224365,"Before Your Memory Fades (Before the Coffee Gets Cold, #3)",Toshikazu Kawaguchi,"Kawaguchi, Toshikazu",Geoffrey Trousselot,369722698,9780370000000.0,0,3.91,Hanover Square Press,ebook,220.0,2022.0,2018.0,2021-01-01,2022-06-16,to-read,to-read (#82),to-read,False,False,False,0,0
54373691,"Tales from the Café (Before the Coffee Gets Cold, #2)",Toshikazu Kawaguchi,"Kawaguchi, Toshikazu",Geoffrey Trousselot,1529050863,9781530000000.0,0,4.0,Picador,Paperback,192.0,2020.0,2017.0,2021-01-01,2022-06-16,to-read,to-read (#81),to-read,False,False,False,0,0
44421460,"Before the Coffee Gets Cold (Before the Coffee Gets Cold, #1)",Toshikazu Kawaguchi,"Kawaguchi, Toshikazu",Geoffrey Trousselot,1529029589,9781530000000.0,0,3.71,Picador,Paperback,213.0,2019.0,2015.0,2021-01-01,2022-06-16,to-read,to-read (#80),to-read,False,False,False,0,0
44285277,"魔法使いの嫁 12 (Mahōtsukai no yome, #12)",Kore Yamazaki,"Yamazaki, Kore",ヤマザキコレ,4800008905,9784800000000.0,5,4.23,マッグガーデン,Paperback,177.0,2019.0,2019.0,2022-05-26,2022-06-02,"fantasy, manga","fantasy (#63), manga (#10)",read,False,False,False,1,0
41718992,"魔法使いの嫁 11 (Mahōtsukai no yome, #11)",Kore Yamazaki,"Yamazaki, Kore",ヤマザキコレ,4800008379,9784800000000.0,5,4.26,マッグガーデン,Paperback,186.0,2019.0,2019.0,2022-05-03,2022-06-02,"fantasy, mystery","fantasy (#62), mystery (#3)",read,False,False,False,1,0
39347192,"魔法使いの嫁 10 (Mahōtsukai no yome, 10)",Kore Yamazaki,"Yamazaki, Kore",ヤマザキコレ,4800007941,9784800000000.0,3,4.22,マッグガーデン,Paperback,177.0,2018.0,2018.0,2022-05-03,2022-06-02,"fantasy, manga","fantasy (#61), manga (#9)",read,False,False,False,1,0
36477428,"魔法使いの嫁 9 特装版 (Mahōtsukai no yome, #9)",Kore Yamazaki,"Yamazaki, Kore",ヤマザキコレ,4800007275,9784800000000.0,5,4.35,マッグガーデン,Paperback,192.0,2018.0,2018.0,2022-04-16,2022-06-02,"fantasy, manga","fantasy (#60), manga (#8)",read,False,False,False,1,0
35197946,"The Ancient Magus' Bride, Vol. 8 (The Ancient Magus' Bride, #8)",Kore Yamazaki,"Yamazaki, Kore",マッグガーデン,1626925976,9781630000000.0,5,4.36,Seven Seas,Paperback,178.0,2018.0,2017.0,2022-04-15,2022-06-02,"fantasy, manga","fantasy (#59), manga (#7)",read,False,False,False,1,0
31949090,"The Ancient Magus' Bride, Vol. 7 (The Ancient Magus' Bride, #7)",Kore Yamazaki,"Yamazaki, Kore",,1626924996,9781630000000.0,5,4.35,Seven Seas,Paperback,176.0,2017.0,2017.0,2022-04-11,2022-06-02,"fantasy, manga","fantasy (#58), manga (#6)",read,False,False,False,1,0
30139740,"The Ancient Magus' Bride, Vol. 6 (The Ancient Magus' Bride, #6)",Kore Yamazaki,"Yamazaki, Kore",,1626923507,9781630000000.0,4,4.39,Seven Seas,Paperback,180.0,2017.0,2016.0,2022-04-10,2022-06-02,"manga, fantasy","manga (#5), fantasy (#57)",read,False,False,False,2,0
40635416,House of Glass,Susan  Fletcher,"Fletcher, Susan",,349007667,,0,3.83,Virago,Kindle Edition,295.0,2018.0,2018.0,2021-01-01,2022-05-31,to-read,to-read (#79),to-read,False,False,False,0,0
43459812,Things We Say in the Dark,Kirsty Logan,"Logan, Kirsty",,1787301532,9781790000000.0,0,3.82,Harvill Secker,Hardcover,226.0,2019.0,2019.0,2021-01-01,2022-05-31,to-read,to-read (#78),to-read,False,False,False,0,0
52066469,"The Railway Girls (The Railway Girls, #1)",Maisie Thomas,"Thomas, Maisie",,,,0,4.4,Cornerstone Digital,Kindle Edition,448.0,2020.0,2020.0,2021-01-01,2022-05-31,to-read,to-read (#77),to-read,False,False,False,0,0
59414889,"Hope for the Railway Girls (The Railway Girls, #5)",Maisie Thomas,"Thomas, Maisie",,,,0,4.63,Penguin,Kindle Edition,445.0,2022.0,2022.0,2021-01-01,2022-05-31,to-read,to-read (#76),to-read,False,False,False,0,0
35959740,Circe,Madeline Miller,"Miller, Madeline",,316556343,9780320000000.0,0,4.24,"Little, Brown and Company",Hardcover,393.0,2018.0,2018.0,2021-01-01,2022-04-25,to-read,to-read (#75),to-read,False,False,False,0,0
43537128,"The Golden Age, Volume 1, Part 2",Roxanne Moreil,"Moreil, Roxanne",,,9791030000000.0,0,3.97,Europe Comics,Kindle Edition,120.0,2018.0,2007.0,2021-01-01,2022-04-22,to-read,to-read (#74),to-read,False,False,False,0,0
1823114,Three Shadows,Cyril Pedrosa,"Pedrosa, Cyril",,159643239X,9781600000000.0,0,4.05,First Second,Paperback,268.0,2008.0,2007.0,2021-01-01,2022-04-22,to-read,to-read (#73),to-read,False,False,False,0,0
12873781,Portugal,Cyril Pedrosa,"Pedrosa, Cyril",Ruby,2800148136,9782800000000.0,0,4.13,Dupuis,Hardcover,261.0,2011.0,2011.0,2021-01-01,2022-04-22,to-read,to-read (#72),to-read,False,False,False,0,0
1685350,"Muddle Earth (Muddle Earth, #1)",Paul Stewart,"Stewart, Paul",Chris Riddell,038573316X,9780390000000.0,4,3.91,Delacorte Books for Young Readers,Hardcover,450.0,2007.0,2003.0,2022-09-17,2022-04-18,fantasy,fantasy (#56),read,False,False,False,1,0
9317452,"Rivers of London (Rivers of London, #1)",Ben Aaronovitch,"Aaronovitch, Ben",,575097566,9780580000000.0,0,3.86,Gollancz,Hardcover,392.0,2011.0,2011.0,2021-01-01,2022-03-29,to-read,to-read (#71),to-read,False,False,False,0,0
19995711,How To Be a Victorian,Ruth Goodman,"Goodman, Ruth",,067092136X,9780670000000.0,0,4.24,Penguin,Paperback,458.0,2014.0,2013.0,2021-01-01,2022-03-14,"non-fiction, currently-reading","non-fiction (#14), currently-reading (#7)",currently-reading,False,False,False,1,1
44415694,A Child's Garden of Verses,Robert Louis Stevenson,"Stevenson, Robert Louis",,,,3,4.27,Dark Horse Manga,Paperback,272.0,,1885.0,2022-03-14,2022-03-12,"childrens, poetry","childrens (#12), poetry (#12)",read,False,False,False,1,0
58255028,Bitch,Lucy Cooke,"Cooke, Lucy",,857524127,9780860000000.0,0,4.43,Doubleday,Paperback,400.0,2022.0,2022.0,2021-01-01,2022-03-07,to-read,to-read (#70),to-read,False,False,False,0,0
56441475,The Little Book of Cats: Purrs of Wisdom,Orange Hippo!,"Hippo!, Orange",,1911610945,9781910000000.0,3,4.16,Orange Hippo!,Hardcover,192.0,2020.0,2007.0,2022-02-04,2022-02-04,"cats, non-fiction","cats (#4), non-fiction (#13)",read,False,False,True,1,1
40864002,"A Psalm for the Wild-Built (Monk & Robot, #1)",Becky  Chambers,"Chambers, Becky",,,,0,4.28,Tordotcom,Kindle Edition,160.0,2021.0,2021.0,2021-01-01,2022-02-04,to-read,to-read (#69),to-read,False,False,False,0,0
26032912,"The Queen of Nothing (The Folk of the Air, #3)",Holly Black,"Black, Holly",,316310409,9780320000000.0,0,4.36,"Little, Brown",ebook,300.0,2019.0,2019.0,2021-01-01,2022-02-02,to-read,to-read (#68),to-read,False,False,False,0,0
26032887,"The Wicked King (The Folk of the Air, #2)",Holly Black,"Black, Holly",,316310336,9780320000000.0,0,4.31,"Little, Brown Books for Young Readers",ebook,336.0,2019.0,2019.0,2021-01-01,2022-02-02,to-read,to-read (#67),to-read,False,False,False,0,0
29939230,"A Conjuring of Light (Shades of Magic, #3)",V.E. Schwab,"Schwab, V.E.",,765387468,9780770000000.0,0,4.32,Tor,Hardcover,624.0,2017.0,2017.0,2021-01-01,2022-02-02,to-read,to-read (#66),to-read,False,False,False,0,0
20764879,"A Gathering of Shadows (Shades of Magic, #2)",V.E. Schwab,"Schwab, V.E.",,765376474,9780770000000.0,0,4.22,Tor,Hardcover,512.0,2016.0,2016.0,2021-01-01,2022-02-02,to-read,to-read (#65),to-read,False,False,False,0,0
22055262,"A Darker Shade of Magic (Shades of Magic, #1)",V.E. Schwab,"Schwab, V.E.",,765376458,9780770000000.0,0,4.06,Tor,Hardcover,400.0,2015.0,2015.0,2021-01-01,2022-02-02,to-read,to-read (#64),to-read,False,False,False,0,0
26247019,"The Ancient Magus' Bride, Vol. 5 (The Ancient Magus' Bride #5)",Kore Yamazaki,"Yamazaki, Kore",,1626922845,9781630000000.0,5,4.43,Seven Seas,Paperback,184.0,2016.0,2016.0,2021-01-01,2022-02-02,"fantasy, manga","fantasy (#53), manga (#4)",read,False,False,False,0,0
25667060,"The Ancient Magus' Bride, Vol. 4 (The Ancient Magus' Bride, #4)",Kore Yamazaki,"Yamazaki, Kore",Adrienne Beck,1626922551,9781630000000.0,5,4.42,Seven Seas,Paperback,184.0,2016.0,2015.0,2022-01-27,2022-01-28,"fantasy, manga","fantasy (#51), manga (#3)",read,False,False,False,1,0
40639153,"Kakuriyo: Bed & Breakfast for Spirits, Vol. 1 (Kakuriyo: Bed & Breakfast for Spirits, #1)",Waco Ioka,"Ioka, Waco",Midori Yuma,197470372X,9781970000000.0,0,4.22,VIZ Media LLC,Paperback,200.0,2019.0,2016.0,2021-01-01,2022-01-17,to-read,to-read (#63),to-read,False,False,False,0,0
225605,A Nameless Witch,A. Lee Martinez,"Martinez, A. Lee",,765315483,9780770000000.0,5,3.89,Tor Books,Paperback,320.0,2007.0,2007.0,2022-03-03,2022-01-16,fantasy,fantasy (#55),read,False,False,False,1,0
26032825,"The Cruel Prince (The Folk of the Air, #1)",Holly Black,"Black, Holly",,,,4,4.05,"Little, Brown Books for Young Readers",Hardcover,370.0,2018.0,2018.0,2022-01-20,2022-01-16,fantasy,fantasy (#50),read,False,False,False,1,0
43820,The Witches' Companion,Katherine Ramsland,"Ramsland, Katherine",Anne Rice,345406249,9780350000000.0,0,4.17,Ballantine Books,Paperback,544.0,1996.0,1994.0,2021-01-01,2022-01-16,to-read,to-read (#62),to-read,False,False,False,0,0
24464154,"魔法使いの嫁 3 (Mahōtsukai no yome, #3)",Yamazaki Kore,"Kore, Yamazaki",,4800004225,9784800000000.0,4,4.34,マッグガーデン,Comic,178.0,2015.0,2015.0,2021-01-01,2022-01-15,"fantasy, manga, mystery","fantasy (#49), manga (#15), mystery (#6)",read,False,False,False,0,0
35162637,"The Ancient Magus' Bride, Vol. 2",Kore Yamazaki,"Yamazaki, Kore",,,,5,4.34,Seven Seas,Kindle Edition,177.0,2015.0,2014.0,2022-01-14,2022-01-14,"fantasy, manga","fantasy (#52), manga (#2)",read,True,False,False,1,1
57100060,The Dangers of Smoking in Bed,Mariana Enríquez,"Enríquez, Mariana",Megan McDowell,178378671X,9781780000000.0,5,3.82,Granta Books,Paperback,187.0,2021.0,2009.0,2022-01-30,2022-01-14,"fiction, horror-thriller","fiction (#31), horror-thriller (#6)",read,True,False,False,1,1
35110903,"The Ancient Magus' Bride, Vol. 1",Kore Yamazaki,"Yamazaki, Kore",,,,5,4.27,Seven Seas,Kindle Edition,178.0,2015.0,2014.0,2022-01-10,2022-01-09,"fantasy, manga","fantasy (#48), manga (#1)",read,False,False,False,1,1
20631808,The Bookshop Book,Jen Campbell,"Campbell, Jen",,1472116666,9781470000000.0,0,4.12,Constable,Hardcover,273.0,2014.0,2014.0,2021-01-01,2022-01-09,"currently-reading, non-fiction","currently-reading (#6), non-fiction (#11)",currently-reading,False,False,False,1,1
49127471,"Zoey Punches the Future in the Dick (Zoey Ashe, #2)",David  Wong,"Wong, David",Jason Pargin,1250195799,9781250000000.0,0,4.14,St. Martin's Press,Hardcover,368.0,2020.0,2020.0,2021-01-01,2022-01-09,to-read,to-read (#61),to-read,False,False,False,0,0
1857440,"John Dies at the End (John Dies at the End, #1)",David  Wong,"Wong, David",Jason Pargin,978970764,9780980000000.0,0,3.88,Permuted Pr,Paperback,362.0,2007.0,2007.0,2021-01-01,2022-01-09,to-read,to-read (#60),to-read,False,False,False,0,0
33574090,"What the Hell Did I Just Read (John Dies at the End, #3)",David  Wong,"Wong, David",Jason Pargin,1250040205,9781250000000.0,5,4.17,St. Martin's Press,Hardcover,375.0,2017.0,2017.0,2022-01-06,2022-01-06,"fiction, horror-thriller","fiction (#29), horror-thriller (#4)",read,False,False,False,1,0
8391566,A Christmas Carol and Other Christmas Writings,Charles Dickens,"Dickens, Charles",Michael Slater,141195851,9780140000000.0,4,4.14,Penguin Classics,Hardcover,288.0,2010.0,1843.0,2022-01-01,2021-12-08,"fiction, gothic","fiction (#28), gothic (#3)",read,False,False,False,1,1
24763621,"Wintersong (Wintersong, #1)",S. Jae-Jones,"Jae-Jones, S.",,1250079217,9781250000000.0,0,3.53,Thomas Dunne Books,Hardcover,436.0,2017.0,2017.0,2021-01-01,2021-10-30,to-read,to-read (#59),to-read,False,False,False,0,0
50891603,Recipes from the World of Tolkien: Inspired By the Legends,Robert Tuesley Anderson,"Anderson, Robert Tuesley",,1645174425,9781650000000.0,4,4.37,Thunder Bay Press,Hardcover,176.0,2020.0,2020.0,2021-01-01,2021-10-27,"cookbook, non-fiction","cookbook (#4), non-fiction (#20)",read,False,False,True,1,1
641087,The Country Diary of an Edwardian Lady,Edith Holden,"Holden, Edith",,1846660157,9781850000000.0,5,4.3,Top That! Publishing,Hardcover,176.0,2006.0,1977.0,2021-01-01,2021-10-27,"non-fiction, poetry","non-fiction (#10), poetry (#10)",read,False,False,False,1,1
54968419,"Fire Burn, Cauldron Bubble",Paul Cookson,"Cookson, Paul",,,,4,4.0,Dark Horse Manga,Paperback,272.0,2020.0,2020.0,2021-01-01,2021-10-27,"fantasy, poetry","fantasy (#44), poetry (#11)",read,False,False,False,1,1
20513872,A Dictionary of Tolkien (Tolkien Illustrated Guides),David Day,"Day, David",,,,3,4.17,Thunder Bay Press,Kindle Edition,274.0,2013.0,2007.0,2021-01-01,2021-10-27,fantasy,fantasy (#45),read,False,False,False,1,1
170666,A Witches' Bible: The Complete Witches' Handbook,Janet Farrar,"Farrar, Janet",Stewart Farrar,919345921,9780920000000.0,4,3.9,Phoenix Publishing,Paperback,349.0,1996.0,1987.0,2021-01-01,2021-10-27,"occult, non-fiction","occult (#11), non-fiction (#12)",read,False,False,False,1,1
15932273,The Snow Child,Eowyn Ivey,"Ivey, Eowyn",,755380541,9780760000000.0,4,4.0,Headline Review,Paperback,423.0,2012.0,2012.0,2021-01-01,2021-10-27,fantasy,fantasy (#46),read,False,False,True,1,0
12995005,"Coroa de Erva (Masters of Rome, #2)",Colleen McCullough,"McCullough, Colleen",,9722902229,9789720000000.0,4,4.33,Difel,Paperback,1097.0,1995.0,1990.0,2021-01-01,2021-10-27,"historical-fiction, currently-reading","historical-fiction (#3), currently-reading (#5)",currently-reading,False,False,True,1,1
57498199,"Dark Asylum (Jem Flockhart, #2)",E.S. Thomson,"Thomson, E.S.",,,,5,3.92,Dark Horse Manga,Kindle Edition,383.0,2017.0,2017.0,2023-03-06,2021-09-07,Not assigned,Not assigned,read,False,False,False,1,0
30763464,Monstrous Little Voices: Five New Stories from Shakespeare's Fantasy World,Jonathan  Barnes,"Barnes, Jonathan","Adrian Tchaikovsky, Emma Newman, Foz Meadows, Kate Heartfield",1781083932,9781780000000.0,4,3.88,GARDNERS VI BOOKS AMS006,Paperback,297.0,2016.0,2016.0,2021-12-06,2021-09-07,"fiction, fantasy","fiction (#27), fantasy (#47)",read,False,False,False,1,1
34726141,"The Poetry Pharmacy: Tried-and-True Prescriptions for the Mind, Heart and Soul",William Sieghart,"Sieghart, William",,1846149541,9781850000000.0,4,4.36,Particular Books,Hardcover,151.0,2018.0,2017.0,2021-01-01,2021-09-07,poetry,poetry (#9),read,False,False,False,1,1
20821471,Hickory Daiquiri Dock: Cocktails with a Nursery Rhyme Twist,Tim Federle,"Federle, Tim",,762455055,9780760000000.0,0,4.28,Running Press Adult,Board Book,40.0,2014.0,2014.0,2021-01-01,2021-09-07,to-read,to-read (#58),to-read,False,False,False,0,0
12711120,A Book of Horrors,Stephen              Jones,"Jones, Stephen",,857388088,9780860000000.0,3,3.69,Jo Fletcher Books,Hardcover,400.0,2011.0,2011.0,2021-08-20,2021-08-19,"horror-thriller, fiction","horror-thriller (#3), fiction (#26)",read,False,False,False,1,1
57498183,"Beloved Poison (Jem Flockhart, #1)",E.S. Thomson,"Thomson, E.S.",,,,4,3.87,Constable,Kindle Edition,395.0,2016.0,2016.0,2021-08-18,2021-07-17,"fiction, gothic","fiction (#25), gothic (#2)",read,False,False,False,1,1
48505215,Reader’s Digest Condensed Books 1990: Cold Harbour / A Time To Love / Flying Free / Crackdown,Jack Higgins,"Higgins, Jack","Beryl Kingston, Dan True, Bernard Cornwell",,,0,0.0,The Reader’s Digest Association South Africa (Pty) Ltd,Hardcover,511.0,1990.0,2007.0,2021-01-01,2021-07-08,"fiction, to-read","fiction (#24), to-read (#57)",to-read,False,False,False,0,0
52668915,"Entangled Life: How Fungi Make Our Worlds, Change Our Minds & Shape Our Futures",Merlin Sheldrake,"Sheldrake, Merlin",,525510311,9780530000000.0,0,4.36,Random House,Hardcover,352.0,2020.0,2020.0,2021-01-01,2021-06-06,"non-fiction, currently-reading","non-fiction (#9), currently-reading (#4)",currently-reading,False,False,True,1,1
40543828,Cat Poems,Elizabeth Bishop,"Bishop, Elizabeth","Stevie Smith, Ezra Pound, Charles Baudelaire, William Carlos Williams, Rainer Maria Rilke, Amy Lowell, W.B. Yeats",1788161734,9781790000000.0,5,3.38,Profile Books Ltd,Paperback,96.0,2018.0,2018.0,2021-05-28,2021-05-28,"poetry, cats","poetry (#8), cats (#1)",read,False,False,True,1,1
5140074,"Lamb: The Gospel According to Biff, Christ's Childhood Pal",Christopher Moore,"Moore, Christopher",,,,0,4.23,HarperCollins e-books,Kindle Edition,468.0,2009.0,2002.0,2021-01-01,2021-05-18,to-read,to-read (#56),to-read,False,False,False,0,0
56776249,Murder: The Biography,Kate Morgan,"Morgan, Kate",,8407339,9780010000000.0,0,4.01,Harpercollins ,Hardcover,346.0,2021.0,2021.0,2021-01-01,2021-05-18,to-read,to-read (#55),to-read,False,False,False,0,0
38256351,"The Little Book of Cat Magic: Spells, Charms & Tales",Deborah Blake,"Blake, Deborah",,738753238,9780740000000.0,5,4.21,Llewellyn Publications,Paperback,240.0,2018.0,2018.0,2021-04-20,2021-04-21,"occult, cats","occult (#10), cats (#2)",read,False,False,True,1,1
6999466,"The Lion, the Witch and the Wardrobe",C.S. Lewis,"Lewis, C.S.",Pauline Baynes,61765481,9780060000000.0,5,4.23,HarperCollins Publishers,ebook,224.0,2008.0,1950.0,2021-01-01,2021-03-20,"childrens, fantasy","childrens (#11), fantasy (#43)",read,False,False,True,1,1
49656780,Home Body,Rupi Kaur,"Kaur, Rupi",,1982172452,9781980000000.0,5,4.07,Simon & Schuster,Paperback,192.0,2020.0,2020.0,2021-01-01,2021-03-18,poetry,poetry (#7),read,False,False,True,1,1
10210,Jane Eyre,Charlotte Brontë,"Brontë, Charlotte",Michael Mason,142437204,9780140000000.0,5,4.15,Penguin,Paperback,532.0,2003.0,1847.0,2021-01-01,2021-03-02,"fiction, gothic","fiction (#23), gothic (#1)",read,False,False,False,1,1
45441105,The Hobbits of Tolkien,David Day,"Day, David",,753733781,9780750000000.0,4,3.75,Pyramid,Paperback,192.0,2019.0,2019.0,2021-02-06,2021-02-06,"fantasy, non-fiction","fantasy (#42), non-fiction (#8)",read,False,False,True,1,1
19508,The Schopenhauer Cure,Irvin D. Yalom,"Yalom, Irvin D.",,60938102,9780060000000.0,0,4.27,Harper Perennial Modern Classics,Paperback,358.0,2020.0,2000.0,2021-01-01,2021-01-11,to-read,to-read (#54),to-read,False,False,False,0,0
840,The Design of Everyday Things,Donald A. Norman,"Norman, Donald A.",,465067107,9780470000000.0,0,4.16,Basic Books,Paperback,257.0,2002.0,1988.0,2021-01-01,2020-12-26,to-read,to-read (#53),to-read,False,False,False,0,0
1093409,Hedge Witch: A Guide to Solitary Witchcraft,Rae Beth,"Beth, Rae",,709048513,9780710000000.0,0,3.88,Robert Hale Ld.,Paperback,189.0,1992.0,1989.0,2021-01-01,2020-12-26,to-read,to-read (#52),to-read,False,False,False,0,0
35082290,"Batismo de Fogo (The Witcher, #5)",Andrzej Sapkowski,"Sapkowski, Andrzej",,8578279859,9788580000000.0,4,4.26,WMF Martins Fontes,Paperback,348.0,2015.0,1996.0,2022-06-29,2020-12-24,"fantasy, fiction","fantasy (#54), fiction (#32)",read,False,False,False,1,1
17182372,The Secret Service: Kingsman,Mark Millar,"Millar, Mark","Dave Gibbons, Matthew Vaughn, Andy Lanning, Angus McKie",785165452,9780790000000.0,0,3.6,Marvel,Hardcover,176.0,2014.0,2014.0,2021-01-01,2020-12-03,to-read,to-read (#51),to-read,False,False,False,0,0
10365636,The Horrid Glory of Its Wings,Elizabeth Bear,"Bear, Elizabeth",,1429926007,9781430000000.0,0,3.69,Tor Books,Kindle Edition,32.0,2009.0,2009.0,2021-01-01,2020-12-02,to-read,to-read (#48),to-read,False,False,False,0,0
348573,"The Borrowers (The Borrowers, #1)",Mary Norton,"Norton, Mary","Diana Stanley, Beth Krush, Joe Krush, Leonard S. Marcus",152047379,9780150000000.0,0,4.03,Clarion Books,Paperback,180.0,2003.0,1952.0,2021-01-01,2020-12-02,to-read,to-read (#50),to-read,False,False,False,0,0
51987993,The Once and Future Witches,Alix E. Harrow,"Harrow, Alix E.",,,,0,4.05,Redhook,Hardcover,528.0,2020.0,2020.0,2021-01-01,2020-12-02,to-read,to-read (#49),to-read,False,False,False,0,0
12006,Dead Air,Iain Banks,"Banks, Iain",,349116644,9780350000000.0,2,3.55,Abacus,Paperback,436.0,2003.0,2002.0,2022-01-03,2020-11-29,fiction,fiction (#22),read,False,False,False,1,0
35297191,Sadness Is a White Bird,Moriel Rothman-Zecher,"Rothman-Zecher, Moriel",,1501176269,9781500000000.0,0,4.06,Atria Books,Hardcover,275.0,2018.0,2018.0,2021-01-01,2020-11-27,to-read,to-read (#47),to-read,False,False,False,0,0
11347,Sula,Toni Morrison,"Morrison, Toni",,1400033438,9781400000000.0,0,4.02,Vintage International,Paperback,174.0,2004.0,1973.0,2021-01-01,2020-11-25,to-read,to-read (#46),to-read,False,False,False,0,0
21028440,Letter For The King,Tonke Dragt,"Dragt, Tonke",,1782690263,9781780000000.0,0,4.17,Pushkin Childrens Books,Paperback,512.0,2014.0,1962.0,2021-01-01,2020-11-22,to-read,to-read (#45),to-read,False,False,False,0,0
54409021,The Picture of Dorian Gray Illustrated,Oscar Wilde,"Wilde, Oscar",,,9798660000000.0,5,4.12,Independently Published,Paperback,272.0,2020.0,1890.0,2020-01-01,2020-11-19,fiction,fiction (#21),read,False,False,True,1,1
38502290,"Are You There God? It's Me, Margarita: More Cocktails with a Literary Twist (A Tequila Mockingbird Book)",Tim Federle,"Federle, Tim",Lauren Mortimer,762464151,9780760000000.0,0,3.94,Running Press Adult,Hardcover,144.0,2018.0,2018.0,2021-01-01,2020-11-19,to-read,to-read (#44),to-read,False,False,False,0,0
15843172,Tequila Mockingbird: Cocktails with a Literary Twist,Tim Federle,"Federle, Tim",Lauren Mortimer,762448652,9780760000000.0,0,4.06,Running Press Adult,Hardcover,160.0,2013.0,2013.0,2021-01-01,2020-11-19,to-read,to-read (#43),to-read,False,False,False,0,0
51951268,The Wanderer's Havamal,Jackson  Crawford,"Crawford, Jackson",,1624668429,9781620000000.0,0,4.65,"Hackett Publishing Company, Inc.",Hardcover,216.0,2019.0,2019.0,2021-01-01,2020-11-19,to-read,to-read (#42),to-read,False,False,False,0,0
39796904,My Lovely Wife,Samantha  Downing,"Downing, Samantha",,,,0,3.84,Berkley Books,Hardcover,390.0,2019.0,2019.0,2021-01-01,2020-11-19,to-read,to-read (#41),to-read,False,False,False,0,0
53152636,Mexican Gothic,Silvia Moreno-Garcia,"Moreno-Garcia, Silvia",,,,0,3.68,Del Rey,Hardcover,320.0,2020.0,2020.0,2021-01-01,2020-11-19,to-read,to-read (#40),to-read,False,False,False,0,0
39863519,At the Wolf's Table,Rosella Postorino,"Postorino, Rosella",Leah Janeczko,1250179149,9781250000000.0,0,3.56,Flatiron Books,Hardcover,275.0,2019.0,2018.0,2021-01-01,2020-11-19,to-read,to-read (#39),to-read,False,False,False,0,0
42190,"Wabi-Sabi: for Artists, Designers, Poets & Philosophers",Leonard Koren,"Koren, Leonard",,1880656124,9781880000000.0,0,4.01,Stone Bridge Press,Paperback,96.0,1994.0,1994.0,2021-01-01,2020-11-19,to-read,to-read (#38),to-read,False,False,False,0,0
50892349,"Magic Lessons (Practical Magic, #0.1)",Alice Hoffman,"Hoffman, Alice",,1982108843,9781980000000.0,0,4.21,Simon & Schuster,Hardcover,396.0,2020.0,2020.0,2021-01-01,2020-11-19,to-read,to-read (#37),to-read,False,False,False,0,0
41824023,Over the Top: A Raw Journey to Self-Love,Jonathan Van Ness,"Ness, Jonathan Van",,62906402,9780060000000.0,0,4.2,HarperAudio,Audiobook,6.0,2019.0,2019.0,2021-01-01,2020-11-19,to-read,to-read (#36),to-read,False,False,False,0,0
48570454,Transcendent Kingdom,Yaa Gyasi,"Gyasi, Yaa",,,,0,4.12,Knopf,Hardcover,264.0,2020.0,2020.0,2021-01-01,2020-11-19,to-read,to-read (#35),to-read,False,False,False,0,0
4064936,Books v. Cigarettes,George Orwell,"Orwell, George",,141036613,9780140000000.0,0,3.85,Penguin,Mass Market Paperback,126.0,2008.0,1946.0,2021-01-01,2020-11-10,"currently-reading, non-fiction","currently-reading (#3), non-fiction (#7)",currently-reading,False,False,False,1,1
39284468,"Pen, Pencil, and Poison: A Study in Green",Oscar Wilde,"Wilde, Oscar",,1499347421,9781500000000.0,0,3.2,CreateSpace Independent Publishing Platform,Paperback,26.0,2014.0,1885.0,2021-01-01,2020-11-10,to-read,to-read (#34),to-read,False,False,False,0,0
2442582,Penguin's Poems for Life,Laura  Barber,"Barber, Laura",,713999616,9780710000000.0,0,3.95,Penguin Classics,Hardcover,416.0,,2007.0,2021-01-01,2020-11-09,to-read,to-read (#33),to-read,False,False,False,0,0
15195,The Complete Maus,Art Spiegelman,"Spiegelman, Art",,141014083,9780140000000.0,5,4.57,Penguin Books,Paperback,296.0,2003.0,1980.0,2021-06-03,2020-10-28,"historical-fiction, comics","historical-fiction (#2), comics (#1)",read,True,False,False,1,0
68041,"The Earthsea Quartet (Earthsea Cycle, #1-4)",Ursula K. Le Guin,"Guin, Ursula K. Le",,140154272,9780140000000.0,0,4.29,Penguin,Paperback,691.0,1993.0,1993.0,2021-01-01,2020-10-28,to-read,to-read (#32),to-read,False,False,False,0,0
50548197,"A Deadly Education (The Scholomance, #1)",Naomi Novik,"Novik, Naomi",,593128486,9780590000000.0,0,3.98,Del Rey,Hardcover,336.0,2020.0,2020.0,2021-01-01,2020-10-28,to-read,to-read (#31),to-read,False,False,False,0,0
7604,Lolita,Vladimir Nabokov,"Nabokov, Vladimir",Craig Raine,,,3,3.88,Penguin,Paperback,368.0,1995.0,1955.0,2021-05-28,2020-10-25,fiction,fiction (#20),read,False,False,False,1,0
44304913,The Familiars,Stacey Halls,"Halls, Stacey",,1785766147,9781790000000.0,0,3.88,Zaffre,Paperback,420.0,2019.0,2019.0,2021-01-01,2020-10-07,to-read,to-read (#30),to-read,False,False,False,0,0
6185,Wuthering Heights,Emily Brontë,"Brontë, Emily","Richard J. Dunn, Charlotte Brontë, John Bugg, Robert Heindel",,,0,3.89,Norton,Paperback,464.0,2002.0,1847.0,2021-01-01,2020-09-20,to-read,to-read (#29),to-read,False,False,False,0,0
480329,The Prince,Niccolò Machiavelli,"Machiavelli, Niccolò",N.H. Thompson,,,0,3.84,"Dover Publications, Incorporated",Paperback,80.0,2016.0,1513.0,2021-01-01,2020-09-08,to-read,to-read (#28),to-read,False,False,False,0,0
192686,The Complete Book of the Flower Fairies,Cicely Mary Barker,"Barker, Cicely Mary",,723248397,9780720000000.0,5,4.43,Warne,Hardcover,192.0,2002.0,1923.0,2020-09-05,2020-09-05,fantasy,fantasy (#40),read,False,False,False,1,0
40618016,Faery,Lucy Cavendish,"Cavendish, Lucy",,1925538133,9781930000000.0,5,5.0,Blue Angel Gallery,Paperback,268.0,2017.0,2007.0,2020-09-03,2020-09-05,occult,occult (#9),read,False,False,False,1,1
24213,Alice’s Adventures in Wonderland / Through the Looking-Glass,Lewis Carroll,"Carroll, Lewis","Martin Gardner, John Tenniel",,,4,4.06,Penguin Group (USA),Paperback,239.0,2000.0,1871.0,2020-09-04,2020-09-05,childrens,childrens (#10),read,False,False,False,1,0
24945319,Gone with the Gin: Cocktails with a Hollywood Twist,Tim Federle,"Federle, Tim",,762458607,9780760000000.0,3,4.15,Running Press Adult,Hardcover,152.0,2015.0,2015.0,2020-08-31,2020-08-31,"cookbook, non-fiction","cookbook (#3), non-fiction (#19)",read,False,False,False,1,1
24929,Lost,Gregory Maguire,"Maguire, Gregory",Douglas Smith,60988649,9780060000000.0,0,2.83,William Morrow Paperbacks,Paperback,340.0,2002.0,2001.0,2021-01-01,2020-08-12,to-read,to-read (#27),to-read,False,False,False,0,0
10594929,"Out of Oz (The Wicked Years, #4)",Gregory Maguire,"Maguire, Gregory",Douglas Smith,60548940,9780060000000.0,0,3.85,William Morrow,Hardcover,568.0,2011.0,2011.0,2021-01-01,2020-08-12,to-read,to-read (#26),to-read,False,False,False,0,0
3124249,"A Lion Among Men (The Wicked Years, #3)",Gregory Maguire,"Maguire, Gregory",Douglas Smith,60548924,9780060000000.0,0,3.33,William Morrow,Paperback,312.0,2008.0,2008.0,2021-01-01,2020-08-12,to-read,to-read (#25),to-read,False,False,False,0,0
13521,"Son of a Witch (The Wicked Years, #2)",Gregory Maguire,"Maguire, Gregory","Douglas Smith, Jelena Bojić",60747226,9780060000000.0,0,3.49,William Morrow Paperbacks,Paperback,352.0,2006.0,2005.0,2021-01-01,2020-08-12,to-read,to-read (#24),to-read,False,False,False,0,0
18943,Confessions of an Ugly Stepsister,Gregory Maguire,"Maguire, Gregory",,60987529,9780060000000.0,0,3.54,William Morrow Paperbacks,Paperback,372.0,2000.0,1999.0,2021-01-01,2020-08-12,to-read,to-read (#23),to-read,False,False,False,0,0
54499026,O pequeno livro da medicina energética,Donna Eden,"Eden, Donna",,9897390774,9789900000000.0,0,4.4,Albatroz,Paperback,103.0,2020.0,2012.0,2021-01-01,2020-08-04,to-read,to-read (#22),to-read,False,False,False,0,0
53979516,Os Ensinamentos Secretos de Todos os Tempos (#1 - Os Mistérios Eternos),Manly P. Hall,"Hall, Manly P.",Carla Ribeiro,9898999411,9789900000000.0,0,4.27,Alma dos Livros,Paperback,456.0,2020.0,1928.0,2021-01-01,2020-08-04,to-read,to-read (#21),to-read,False,False,False,0,0
41719027,A Arte do Silêncio,Amber Hatch,"Hatch, Amber",,9896874840,9789900000000.0,0,3.33,Pergaminho,Paperback,144.0,2018.0,2017.0,2021-01-01,2020-08-04,to-read,to-read (#20),to-read,False,False,False,0,0
6289805,História de uma Gaivota e do Gato que a Ensinou a Voar,Luis Sepúlveda,"Sepúlveda, Luis",Pedro Tamen,9724118487,9789720000000.0,5,4.22,ASA Editores,Paperback,128.0,2008.0,1996.0,2021-01-01,2020-08-04,Not assigned,Not assigned,read,False,False,False,1,0
904981,O Doente Molière (Literatura ou Morte),Rubem Fonseca,"Fonseca, Rubem",,9724127575,9789720000000.0,0,3.41,Edições Asa,Paperback,144.0,2002.0,2000.0,2021-01-01,2020-08-04,to-read,to-read (#19),to-read,False,False,False,0,0
54089625,uma ida ao motel e outras histórias,Bruno Vieira Amaral,"Amaral, Bruno Vieira",,9897226737,9789900000000.0,0,3.74,Quetzal Editores,Paperback,192.0,2020.0,2007.0,2021-01-01,2020-08-04,to-read,to-read (#18),to-read,False,False,False,0,0
16130549,"Doctor Sleep (The Shining, #2)",Stephen King,"King, Stephen",,1476727651,9781480000000.0,0,4.13,Scribner,Hardcover,531.0,2013.0,2013.0,2021-01-01,2020-08-04,to-read,to-read (#17),to-read,False,False,False,0,0
11588,"The Shining (The Shining, #1)",Stephen King,"King, Stephen",,450040186,9780450000000.0,0,4.27,New English Library (Hodder & Stoughton) ,Paperback,497.0,1980.0,1977.0,2021-01-01,2020-08-04,to-read,to-read (#16),to-read,False,False,False,0,0
33358204,"Boy Erased: A Memoir of Identity, Faith, and Family",Garrard Conley,"Conley, Garrard",,735213461,9780740000000.0,0,3.62,Penguin Publishing Group,Paperback,340.0,2017.0,2016.0,2021-01-01,2020-08-04,to-read,to-read (#15),to-read,False,False,False,0,0
10121784,"As Mil e Uma Noites, Volume 1 of 3",Anonymous,"Anonymous, Anonymous","Joseph-Charles Mardrus, Manuel João Gomes",9725646959,9789730000000.0,0,3.97,Quetzal Editores,Hardcover,747.0,2007.0,2007.0,2021-01-01,2020-08-04,to-read,to-read (#14),to-read,False,False,False,0,0
2696,The Canterbury Tales,Geoffrey Chaucer,"Chaucer, Geoffrey",Nevill Coghill,140424385,9780140000000.0,0,3.52,Penguin Books,Paperback,504.0,2003.0,1400.0,2021-01-01,2020-08-04,to-read,to-read (#13),to-read,False,False,False,0,0
18344469,Poema à Duração,Peter Handke,"Handke, Peter",José A. Palma Caetano,9723706822,,0,4.06,Assírio e Alvim,Paperback,88.0,2002.0,1986.0,2021-01-01,2020-08-04,to-read,to-read (#12),to-read,False,False,False,0,0
1348459,The Afternoon of a Writer,Peter Handke,"Handke, Peter",,374102074,9780370000000.0,0,3.44,"Farrar, Straus and Giroux",Hardcover,86.0,1989.0,1987.0,2021-01-01,2020-08-04,to-read,to-read (#11),to-read,False,False,False,0,0
39325105,"Harrow the Ninth (The Locked Tomb, #2)",Tamsyn Muir,"Muir, Tamsyn",,1250313228,9781250000000.0,5,4.3,Tor.com,Hardcover,510.0,2020.0,2020.0,2023-04-29,2020-08-03,"fantasy, gothic, horror-thriller, mystery","fantasy (#67), gothic (#4), horror-thriller (#7), mystery (#4)",read,True,False,False,1,0
45999768,Dreams from the Witch House: Female Voices of Lovecraftian Horror,Lynne Jamneck,"Jamneck, Lynne","Joyce Carol Oates, Tamsyn Muir, Cat Hellisen, Caitlín R. Kiernan, Lucy Brady, Marly Youmans, Sonya Taaffe, Gemma Files, Molly Tanzer, Kelda Crich, Karen Heuler, Lois H. Gresh, Nancy Kilpatrick, E.R. Knightsbridge, Amanda Downum, Elizabeth Bear, Sarah Monette, Cyrus Wraith Walker, Miss Mandible",1725798174,9781730000000.0,0,3.92,Dark Regions Press,Paperback,354.0,2018.0,2016.0,2021-01-01,2020-08-03,to-read,to-read (#10),to-read,False,False,False,0,0
54658171,O Manual da Feiticeira Moderna,Madame Ippo,"Ippo, Madame",,9896268916,9789900000000.0,4,3.3,A Esfera dos Livros,Paperback,128.0,2020.0,2007.0,2020-08-02,2020-08-02,occult,occult (#8),read,False,False,True,1,1
40782120,"O Tempo do Desprezo (The Witcher, #4)",Andrzej Sapkowski,"Sapkowski, Andrzej",Tomasz Barcinski,9897731113,9789900000000.0,5,4.16,Saída de Emergência,Paperback,304.0,2018.0,1995.0,2020-12-24,2020-07-25,fantasy,fantasy (#41),read,False,False,False,1,1
2887865,"O Senhor dos Anéis (O Senhor dos Anéis, #1-3)",J.R.R. Tolkien,"Tolkien, J.R.R.","Lenita Maria Rímoli Esteves, Almiro Pisetta",8533613407,9788530000000.0,5,4.53,Martins Fontes,Paperback,1234.0,2001.0,1954.0,2021-01-01,2020-07-16,fantasy,fantasy (#23),read,False,False,False,1,0
31935106,"The Complete Works of William Shakespeare (37 plays, 160 sonnets and 5 Poetry Books With Active Table of Contents)",William Shakespeare,"Shakespeare, William",,,,5,4.47,FB Publishing,Kindle Edition,93.0,2016.0,1623.0,2021-01-01,2020-07-16,"play, poetry","play (#3), poetry (#4)",read,False,False,False,1,0
32453282,The Collected Poems,Sylvia Plath,"Plath, Sylvia",,,,5,4.23,Harper Perennial,Kindle Edition,341.0,2016.0,1981.0,2021-01-01,2020-07-16,poetry,poetry (#6),read,False,False,False,1,0
276106,The Book of Runes,Ralph H. Blum,"Blum, Ralph H.",,312108192,9780310000000.0,5,3.75,St. Martin's Press,Hardcover,160.0,1993.0,1982.0,2021-01-01,2020-07-16,occult,occult (#2),read,False,False,False,1,1
42267265,Grimório Para Aprendiz de Feiticeiro,Oberon Zell-Ravenheart,"Zell-Ravenheart, Oberon",,8537003484,9788540000000.0,5,4.0,Madras,Paperback,720.0,2017.0,2007.0,2021-01-01,2020-07-16,occult,occult (#3),read,False,False,False,1,1
54557966,No Reino da Feitiçaria,N.A. Molina,"Molina, N.A.",,9725761324,,3,3.0,Sílaba Editora e Distribuidora de Livros,Paperback,600.0,1997.0,2007.0,2021-01-01,2020-07-16,occult,occult (#4),read,False,False,False,1,1
21046708,A Practical Guide to Witchcraft,Cassandra Eason,"Eason, Cassandra",,572041187,9780570000000.0,5,3.87,Foulsham,Kindle Edition,320.0,2001.0,2001.0,2021-01-01,2020-07-16,occult,occult (#5),read,False,False,False,1,1
34211805,The Travelling Cat Chronicles,Hiro Arikawa,"Arikawa, Hiro",Philip Gabriel,857524194,9780860000000.0,5,4.34,Random House UK,Paperback,247.0,2017.0,2012.0,2021-01-01,2020-07-16,"fiction, cats","fiction (#19), cats (#3)",read,True,False,False,1,1
53958534,Wicca - Um Guia Moderno de Bruxaria e Magia,Harmony Nice,"Nice, Harmony",,989777355X,9789900000000.0,3,3.92,Editorial Planeta,Paperback,248.0,2020.0,2019.0,2020-07-20,2020-07-16,occult,occult (#6),read,False,False,False,1,1
53671481,"Magia: Rituais, poções e feitiços para descobrir a sua força interior",Sarah Bartlett,"Bartlett, Sarah",,,9789900000000.0,4,3.58,Pergaminho,Hardcover,160.0,2020.0,2007.0,2020-07-20,2020-07-16,occult,occult (#7),read,False,False,True,1,1
51858395,Brisingr,Christopher Paolini,"Paolini, Christopher",Gerard Doyle,,,4,4.09,Dark Horse Manga,Audible Audio,272.0,2008.0,2008.0,2021-01-01,2020-07-16,Not assigned,Not assigned,read,False,False,False,1,0
68887,O Diário de um Mago,Paulo Coelho,"Coelho, Paulo",,9727110800,9789730000000.0,4,3.65,Pergaminho,Paperback,284.0,1997.0,1987.0,2020-08-27,2020-07-16,fiction,fiction (#18),read,False,False,False,1,0
31825431,"O Terceiro Desejo (The Witcher, #1)",Andrzej Sapkowski,"Sapkowski, Andrzej","Tomasz Barcinski, Rui Azeredo",9897730001,9789900000000.0,5,4.14,Saída de Emergência,Paperback,304.0,2016.0,1993.0,2020-07-07,2020-07-16,fantasy,fantasy (#37),read,False,False,False,1,0
16004036,"A Espada do Destino (The Witcher, #2)",Andrzej Sapkowski,"Sapkowski, Andrzej",,857827556X,9788580000000.0,5,4.27,WMF Martins Fontes,Paperback,380.0,2012.0,1992.0,2020-07-15,2020-07-16,fantasy,fantasy (#38),read,False,False,False,1,0
25132834,O Sangue dos Elfos (Portuguese Edition),Andrzej Sapkowski,"Sapkowski, Andrzej",,,,5,4.1,Martins Fontes,Kindle Edition,365.0,2014.0,1994.0,2020-07-25,2020-07-16,fantasy,fantasy (#39),read,False,False,False,1,1
38245339,Mother Ghost: Nursery Rhymes for Little Monsters,Rachel Kolar,"Kolar, Rachel",Roland Garrigue,1534126481,9781530000000.0,0,4.06,Sleeping Bear Press,ebook,32.0,2018.0,2018.0,2021-01-01,2020-07-16,to-read,to-read (#9),to-read,False,False,False,0,0
9416116,"O Natal de Poirot (Hercule Poirot, #20)",Agatha Christie,"Christie, Agatha",Vânia de Almeida Salek,8520918204,,5,3.98,Editora Nova Fronteira,Paperback,224.0,2003.0,1938.0,2021-01-01,2020-07-16,mystery,mystery (#2),read,False,False,False,1,0
7081429,"Morte no Nilo (Hercule Poirot, #18)",Agatha Christie,"Christie, Agatha",Isabel Alves,8447359026,9788450000000.0,3,4.19,RBA,Hardcover,297.0,2008.0,2007.0,2021-01-01,2020-07-16,mystery,mystery (#1),read,False,False,False,1,0
35422892,A Peregrinação de Fernão Mendes Pinto,Fernão Mendes Pinto,"Pinto, Fernão Mendes",,,,3,3.56,Seara Nova - Editorial Comunicação,Paperback,289.0,1979.0,1614.0,2021-01-01,2020-07-16,non-fiction,non-fiction (#6),read,False,False,False,1,0
21532133,"Outlander (Outlander, #1)",Diana Gabaldon,"Gabaldon, Diana",,,,3,4.26,Bantam,Paperback,850.0,2014.0,1991.0,2021-01-01,2020-07-16,fantasy,fantasy (#36),read,False,False,False,1,0
3784641,Diário de Anne Frank,Anne Frank,"Frank, Anne",Ilse Losa,9723803100,9789720000000.0,4,4.19,Livros do Brasil,Paperback,351.0,2002.0,1947.0,2021-01-01,2020-07-16,non-fiction,non-fiction (#5),read,False,False,False,1,0
716321,Uma Família Inglesa,Júlio Dinis,"Dinis, Júlio",,,9789720000000.0,4,3.79,Porto Editora,Paperback,448.0,2010.0,1868.0,2021-01-01,2020-07-16,fiction,fiction (#17),read,False,False,False,1,0
45693105,O Auto da Barca do Inferno,Gil Vicente,"Vicente, Gil",,,,4,3.68,Dark Horse Manga,Kindle Edition,37.0,2012.0,1517.0,2021-01-01,2020-07-16,play,play (#4),read,False,False,False,1,0
909739,Os Lusíadas,Luís de Camões,"Camões, Luís de",,,,4,4.0,Porto Editora,Hardcover,648.0,2006.0,1572.0,2021-01-01,2020-07-16,poetry,poetry (#5),read,False,False,False,1,0
7713938,Por Causa de Winn-Dixie,Kate DiCamillo,"DiCamillo, Kate","Pedro Pires, Andrea Alves Silva",989557150X,9789900000000.0,4,4.09,Gailivro,Hardcover,176.0,2004.0,2000.0,2021-01-01,2020-07-16,fantasy,fantasy (#35),read,False,False,False,1,0
7713971,A Libertação do Tigre,Kate DiCamillo,"DiCamillo, Kate",Andrea Alves Silva,9895572379,9789900000000.0,3,3.84,Gailivro,Hardcover,272.0,,2001.0,2021-01-01,2020-07-16,fiction,fiction (#16),read,False,False,False,1,0
7713979,A Lenda de Despereaux,Kate DiCamillo,"DiCamillo, Kate",Andrea Alves Silva,9895573227,9789900000000.0,4,4.07,Gailivro,Paperback,288.0,2006.0,2003.0,2021-01-01,2020-07-16,fiction,fiction (#15),read,False,False,False,1,0
1238901,O Alquimista,Paulo Coelho,"Coelho, Paulo",,9727110797,9789730000000.0,5,3.91,Pergaminho,Paperback,240.0,1990.0,1988.0,2021-01-01,2020-07-16,fiction,fiction (#14),read,False,False,False,1,0
2070498,"Magic Secrets (Stardust, #6)",Linda Chapman,"Chapman, Linda",,141322098,9780140000000.0,5,4.2,Dark Horse Manga,Paperback,160.0,2007.0,2007.0,2021-01-01,2020-07-16,"childrens, fantasy","childrens (#9), fantasy (#34)",read,False,False,False,0,0
40903277,Desaparecida na Neve (Portuguese Edition),Holly Webb,"Webb, Holly",,9895554443,9789900000000.0,3,4.16,Oficina do Livro,Paperback,0.0,2009.0,2006.0,2021-01-01,2020-07-16,"childrens, fiction","childrens (#8), fiction (#13)",read,False,False,False,1,0
52319268,O Meu Gato & Eu - Cozinha para os Dois,Brandon Schulz,"Schulz, Brandon",Lucy Schulz-Osenlund,,,5,4.5,Marcador,Paperback,160.0,2015.0,2007.0,2021-01-01,2020-07-16,non-fiction,non-fiction (#4),read,False,False,False,0,0
50545378,Warrior Cats Volume 1 to 12 Books Collection Set (The Complete First Series (Warriors: The Prophecies Begin Volume 1 to 6) & The Complete Second Series (Warriors: The New Prophecy Volume 7 to 12),Erin Hunter,"Hunter, Erin",,9123876646,9789120000000.0,4,4.57,HarperCollins Children's Books,Paperback,0.0,2019.0,2007.0,2021-01-01,2020-07-16,fantasy,fantasy (#33),read,False,False,False,1,0
13409933,"A Guarda Negra (Wintercraft, #2)",Jenna Burtenshaw,"Burtenshaw, Jenna",,,9789720000000.0,2,3.82,Civilização Editora,Paperback,328.0,2011.0,2011.0,2021-01-01,2020-07-16,fantasy,fantasy (#32),read,False,False,False,1,0
10430523,O Livro dos Dons,Jenna Burtenshaw,"Burtenshaw, Jenna",,9722633066,9789720000000.0,3,3.63,Civilização Editora,Paperback,320.0,2011.0,2010.0,2021-01-01,2020-07-16,fantasy,fantasy (#31),read,False,False,False,1,0
23836552,"Adeus, Fairy Oak (Fairy Oak ""I Quattro Misteri"" #4)",Elisabetta Gnone,"Gnone, Elisabetta",,,,4,4.41,Dark Horse Manga,Paperback,352.0,2014.0,2008.0,2021-01-01,2020-07-16,"childrens, fantasy","childrens (#7), fantasy (#30)",read,False,False,False,1,0
23836526,"Flox Sorri no Outono (Fairy Oak ""I Quattro Misteri"" #3)",Elisabetta Gnone,"Gnone, Elisabetta",,,,5,4.2,Editorial Planeta,Paperback,272.0,2013.0,2009.0,2021-01-01,2020-07-16,"fantasy, childrens","fantasy (#29), childrens (#6)",read,False,False,False,1,0
23836502,"Fairy Oak - Os Dias Encantados de Shirley (Fairy Oak ""I Quattro Misteri"" #2)",Elisabetta Gnone,"Gnone, Elisabetta",,,,5,4.22,Editorial Planeta,Paperback,256.0,,2009.0,2021-01-01,2020-07-16,"childrens, fantasy","childrens (#5), fantasy (#28)",read,False,False,False,1,0
20821977,"O Capitão Grisam e o Amor, Fairy Oak (Fairy Oak ""I Quattro Misteri"" #1)",Elisabetta Gnone,"Gnone, Elisabetta",,9896571856,9789900000000.0,3,4.15,Planeta Manuscrito,Hardcover,256.0,2011.0,2008.0,2021-01-01,2020-07-16,"childrens, fantasy","childrens (#4), fantasy (#27)",read,False,False,False,1,0
23836430,Fairy Oak - O Poder da Luz (Fairy Oak #3),Elisabetta Gnone,"Gnone, Elisabetta",,,9789900000000.0,4,4.34,Editorial Planeta,Hardcover,384.0,2010.0,2007.0,2021-01-01,2020-07-16,"fantasy, childrens","fantasy (#26), childrens (#3)",read,False,False,False,0,0
23836394,"Fairy Oak - O Encanto das Trevas (Fairy Oak, #2)",Elisabetta Gnone,"Gnone, Elisabetta",,9895012179,9789900000000.0,5,4.27,Everest Editora,Hardcover,384.0,2009.0,2006.0,2021-01-01,2020-07-16,"fantasy, fiction","fantasy (#25), fiction (#12)",read,False,False,False,0,0
23268633,O Segredo das gémeas (Fairy Oak #1),Elisabetta Gnone,"Gnone, Elisabetta",,,9789900000000.0,3,4.21,Everest Editora. Lda,Hardcover,281.0,2010.0,2005.0,2021-01-01,2020-07-16,"childrens, fantasy","childrens (#2), fantasy (#24)",read,False,False,False,1,0
7411633,"As Duas Torres (O Senhor Dos Aneis, #2)",J.R.R. Tolkien,"Tolkien, J.R.R.",Salvio Negreiros,,,0,4.48,artenova ,Paperback,272.0,1975.0,1954.0,2021-01-01,2020-07-16,Not assigned,Not assigned,read,False,False,False,0,0
7198243,O Silmarillion,J.R.R. Tolkien,"Tolkien, J.R.R.",Waldéa Barcellos,8578271262,9788580000000.0,4,4.0,WMF Martins Fontes,Paperback,467.0,2009.0,1977.0,2021-01-01,2020-07-16,fantasy,fantasy (#22),read,False,False,False,1,0
12893183,"Herança (Ciclo da Herança, #4)",Christopher Paolini,"Paolini, Christopher",Leonor Marques,9895579128,9789900000000.0,5,4.14,Edições Asa,Paperback,851.0,2011.0,2011.0,2021-01-01,2020-07-16,Not assigned,Not assigned,read,False,False,False,1,0
45978,"Eldest (The Inheritance Cycle, #2)",Christopher Paolini,"Paolini, Christopher",,375840400,9780380000000.0,3,4.03,Knopf Books for Young Readers,Paperback,704.0,2007.0,2005.0,2021-01-01,2020-07-16,Not assigned,Not assigned,read,False,False,False,1,0
113436,"Eragon (The Inheritance Cycle, #1)",Christopher Paolini,"Paolini, Christopher",,375826696,9780380000000.0,3,3.95,Alfred A. Knopf,Paperback,503.0,2005.0,2002.0,2021-01-01,2020-07-16,fantasy,fantasy (#21),read,False,False,False,1,0
1318863,The Little Book of Pocket Spells,Akasha Moon,"Moon, Akasha",,712614192,9780710000000.0,3,3.36,Random House,Paperback,272.0,2001.0,2001.0,2021-01-01,2020-07-16,occult,occult (#1),read,False,False,False,1,0
101086,Stonehenge,Bernard Cornwell,"Cornwell, Bernard",,60956852,9780060000000.0,5,3.68,Harper Perennial,Paperback,578.0,2004.0,1999.0,2021-01-01,2020-07-16,Not assigned,Not assigned,read,False,False,False,1,0
16080569,O Lar da Senhora Peregrine para Crianças Peculiares,Ransom Riggs,"Riggs, Ransom",,9896661286,9789900000000.0,3,3.92,Contraponto,Paperback,344.0,2012.0,2011.0,2021-01-01,2020-07-16,Not assigned,Not assigned,read,False,False,False,1,0
37442,"Wicked: The Life and Times of the Wicked Witch of the West (The Wicked Years, #1)",Gregory Maguire,"Maguire, Gregory",Douglas Smith,60987103,9780060000000.0,5,3.54,ReganBooks,Paperback,406.0,2000.0,1995.0,2021-01-01,2020-07-16,fantasy,fantasy (#20),read,False,False,False,0,0
7543459,A Gestão Segundo Tony Soprano,Anthony Scheiner,"Scheiner, Anthony",,9789724616,,0,3.2,Casa das Letras,Paperback,235.0,,2007.0,2021-01-01,2020-07-16,non-fiction,non-fiction (#3),read,False,False,False,0,0
24249921,A Gestão segundo Bill Gates,Des Dearlove,"Dearlove, Des",,9724617017,9789720000000.0,4,3.32,Casa das Letras,Paperback,0.0,2007.0,1998.0,2021-01-01,2020-07-16,non-fiction,non-fiction (#2),read,False,False,False,1,0
3342764,"The Magician's Apprentice (Black Magician, #0.5)",Trudi Canavan,"Canavan, Trudi",,316037885,9780320000000.0,0,3.97,Orbit,Hardcover,593.0,2009.0,2009.0,2021-01-01,2020-07-16,to-read,to-read (#8),to-read,False,False,False,0,0
28250,"The Novice (Black Magician Trilogy, #2)",Trudi Canavan,"Canavan, Trudi",,1841493147,9781840000000.0,0,4.08,Orbit,Paperback,577.0,2004.0,2002.0,2021-01-01,2020-07-16,"to-read, fantasy","to-read (#7), fantasy (#19)",to-read,False,False,False,0,0
28251,"The High Lord (Black Magician Trilogy, #3)",Trudi Canavan,"Canavan, Trudi",,1841493155,9781840000000.0,0,4.14,Orbit,Paperback,644.0,2004.0,2002.0,2021-01-01,2020-07-16,"to-read, fantasy","to-read (#6), fantasy (#18)",to-read,False,False,False,0,0
28249,"The Magicians' Guild (Black Magician Trilogy, #1)",Trudi Canavan,"Canavan, Trudi",,1841493139,9781840000000.0,4,3.95,Orbit,Paperback,467.0,2004.0,2001.0,2021-01-01,2020-07-16,fantasy,fantasy (#17),read,False,False,False,1,0
136251,"Harry Potter and the Deathly Hallows (Harry Potter, #7)",J.K. Rowling,"Rowling, J.K.",,,,5,4.62,Arthur A. Levine Books,Hardcover,759.0,2007.0,2007.0,2021-01-01,2020-07-16,fantasy,fantasy (#16),read,False,False,False,1,0
15881,"Harry Potter and the Chamber of Secrets (Harry Potter, #2)",J.K. Rowling,"Rowling, J.K.",Mary GrandPré,,,5,4.43,Arthur A. Levine Books,Hardcover,352.0,1999.0,1998.0,2021-01-01,2020-07-16,fantasy,fantasy (#15),read,False,False,False,1,0
1,"Harry Potter and the Half-Blood Prince (Harry Potter, #6)",J.K. Rowling,"Rowling, J.K.",,,,5,4.58,Scholastic Inc,Paperback,652.0,2006.0,2005.0,2021-01-01,2020-07-16,fantasy,fantasy (#14),read,False,False,False,1,1
6,"Harry Potter and the Goblet of Fire (Harry Potter, #4)",J.K. Rowling,"Rowling, J.K.","Mary GrandPré, Jim Kay",,,5,4.57,Scholastic,Paperback,734.0,2002.0,2000.0,2021-01-01,2020-07-16,Not assigned,Not assigned,read,False,False,False,1,1
2,"Harry Potter and the Order of the Phoenix (Harry Potter, #5)",J.K. Rowling,"Rowling, J.K.",Mary GrandPré,,,0,4.5,Scholastic Inc.,Paperback,912.0,2004.0,2003.0,2021-01-01,2020-07-16,fantasy,fantasy (#13),read,False,False,False,1,0
28757261,"Harry Potter and the Philosopher's Stone (Harry Potter, #1)",J.K. Rowling,"Rowling, J.K.",Olly Moss,,,0,4.47,Pottermore Publishing,Kindle Edition,333.0,2015.0,1997.0,2021-01-01,2020-07-16,fantasy,fantasy (#11),read,False,False,False,1,1
5,"Harry Potter and the Prisoner of Azkaban (Harry Potter, #3)",J.K. Rowling,"Rowling, J.K.",Mary GrandPré,043965548X,9780440000000.0,0,4.58,Scholastic Inc.,Mass Market Paperback,435.0,2004.0,1999.0,2021-01-01,2020-07-16,fantasy,fantasy (#12),read,False,False,False,1,1
9680718,"Half-Blood (Covenant, #1)",Jennifer L. Armentrout,"Armentrout, Jennifer L.",,983157200,9780980000000.0,0,4.1,Spencer Hill Press,Paperback,281.0,2011.0,2011.0,2021-01-01,2020-07-16,to-read,to-read (#5),to-read,False,False,False,0,0
34594037,Magic for Liars,Sarah Gailey,"Gailey, Sarah",,,,0,3.63,Tor,Kindle Edition,336.0,2019.0,2019.0,2021-01-01,2020-07-16,"to-read, fantasy","to-read (#4), fantasy (#10)",to-read,False,False,False,0,0
35606560,the sun and her flowers,Rupi Kaur,"Kaur, Rupi",,1449486797,9781450000000.0,5,4.1,Andrews McMeel Publishing,Paperback,256.0,2017.0,2018.0,2021-01-01,2020-07-16,poetry,poetry (#1),read,False,False,False,0,0
6275977,A Relíquia,Eça de Queirós,"Queirós, Eça de",,9723808994,9789720000000.0,4,3.74,Editora Livros do Brasil,Paperback,275.0,1998.0,1887.0,2020-07-16,2020-07-16,fiction,fiction (#1),read,True,False,False,1,0
266904,"The Penderwicks: A Summer Tale of Four Sisters, Two Rabbits, and a Very Interesting Boy (The Penderwicks, #1)",Jeanne Birdsall,"Birdsall, Jeanne",,,,4,4.18,Yearling,Paperback,262.0,2007.0,2005.0,2020-08-24,2020-05-19,childrens,childrens (#1),read,False,False,False,1,0
16303287,The Bane Chronicles,Cassandra Clare,"Clare, Cassandra","Sarah Rees Brennan, Maureen Johnson, Cassandra Jean",1442495995,9781440000000.0,4,4.09,Margaret K. McElderry Books,Hardcover,507.0,2014.0,2014.0,2020-10-03,2020-03-13,fantasy,fantasy (#5),read,False,False,False,1,0
23513349,milk and honey,Rupi Kaur,"Kaur, Rupi",,1502784270,9781500000000.0,5,3.98,CreateSpace Independent Publishing Platform,Paperback,204.0,2014.0,2014.0,2020-10-25,2020-03-13,poetry,poetry (#2),read,False,False,False,1,1
6196797,The Hammer of Witches: A Complete Translation of the Malleus Maleficarum,Heinrich Kramer,"Kramer, Heinrich","Heinrich Kramer, Christopher S. Mackay",521747872,9780520000000.0,2,3.19,Cambridge University Press,Paperback,664.0,2009.0,1485.0,2020-02-26,2020-02-26,non-fiction,non-fiction (#1),read,False,False,False,1,0
17645,The Penelopiad,Margaret Atwood,"Atwood, Margaret",,1841957178,9781840000000.0,5,3.72,Canongate U.S.,Hardcover,198.0,2005.0,2005.0,2020-02-26,2020-02-26,fiction,fiction (#2),read,True,False,False,2,0
28243032,We Are Okay,Nina LaCour,"LaCour, Nina",,525425896,9780530000000.0,0,3.94,Dutton Books for Young Readers,Hardcover,236.0,2017.0,2017.0,2021-01-01,2020-02-23,"to-read, fiction","to-read (#3), fiction (#11)",to-read,False,False,False,0,0
42036538,"Gideon the Ninth (The Locked Tomb, #1)",Tamsyn Muir,"Muir, Tamsyn",,1250313198,9781250000000.0,5,4.22,Tor,Hardcover,448.0,2019.0,2019.0,2020-08-01,2020-02-09,"fantasy, audiobook, fiction, gothic, sci-fi","fantasy (#8), audiobook (#2), fiction (#34), gothic (#28), sci-fi (#2)",read,False,False,False,1,0
40605251,"The Mists of Avalon (Avalon, #1)",Marion Zimmer Bradley,"Bradley, Marion Zimmer",,,,0,4.13,Ballantine Books,Kindle Edition,1009.0,2018.0,1982.0,2021-01-01,2020-02-09,"currently-reading, fantasy","currently-reading (#1), fantasy (#9)",currently-reading,False,False,True,1,1
879188,Memorial do Convento,José Saramago,"Saramago, José",,,,0,3.93,Editorial Caminho,Paperback,376.0,2006.0,1982.0,2021-01-01,2020-02-09,"currently-reading, fiction","currently-reading (#2), fiction (#8)",currently-reading,False,False,True,1,1
11901,"The Witching Hour (Lives of the Mayfair Witches, #1)",Anne Rice,"Rice, Anne",,99471426,9780100000000.0,4,4.1,Arrow,Paperback,1207.0,2004.0,1990.0,2022-01-29,2020-02-09,"fantasy, fiction, horror-thriller","fantasy (#7), fiction (#30), horror-thriller (#5)",read,False,False,False,1,0
41805456,Os Contos Mais Arrepiantes de Howard Phillips Lovecraft,H.P. Lovecraft,"Lovecraft, H.P.",,9897731229,9789900000000.0,4,3.89,Saída de Emergência,Hardcover,544.0,2018.0,2007.0,2020-12-24,2020-02-09,horror-thriller,horror-thriller (#1),read,False,False,False,1,0
4671,The Great Gatsby,F. Scott Fitzgerald,"Fitzgerald, F. Scott",,,,4,3.93,Scribner,Paperback,180.0,1925.0,1925.0,2021-01-01,2020-02-09,fiction,fiction (#3),read,False,False,False,1,0
170448,Animal Farm,George Orwell,"Orwell, George","Russell Baker, C.M. Woodhouse",451526341,9780450000000.0,0,3.98,Signet Classics,Mass Market Paperback,128.0,1996.0,1945.0,2021-01-01,2020-02-09,"to-read, fiction","to-read (#1), fiction (#10)",to-read,False,False,False,0,0
3412,The Thorn Birds,Colleen McCullough,"McCullough, Colleen",,,,0,4.24,Avon Books,Mass Market Paperback,692.0,2002.0,1977.0,2021-01-01,2020-02-09,"to-read, fiction","to-read (#2), fiction (#9)",to-read,False,False,False,0,0
34213608,A Skinful of Shadows,Frances Hardinge,"Hardinge, Frances",,1419725726,9781420000000.0,3,3.98,Amulet Books,Hardcover,416.0,2017.0,2017.0,2020-03-10,2020-02-09,fantasy,fantasy (#6),read,False,False,False,1,0
16096824,"A Court of Thorns and Roses (A Court of Thorns and Roses, #1)",Sarah J. Maas,"Maas, Sarah J.",,1619634449,9781620000000.0,2,4.2,Bloomsbury USA Childrens,Hardcover,432.0,2015.0,2015.0,2021-01-01,2020-02-09,fantasy,fantasy (#1),read,False,False,False,1,0
92303,The Importance of Being Earnest,Oscar Wilde,"Wilde, Oscar",,158049580X,9781580000000.0,5,4.17,Prestwick House,Paperback,76.0,2005.0,1895.0,2021-01-01,2020-02-09,play,play (#1),read,False,False,False,1,0
40961427,1984,George Orwell,"Orwell, George",,,,1,4.19,Houghton Mifflin Harcourt,Kindle Edition,298.0,2013.0,1949.0,2021-01-01,2020-02-09,fiction,fiction (#4),read,False,False,False,1,0
480570,"The First Man in Rome (Masters of Rome, #1)",Colleen McCullough,"McCullough, Colleen",,380710811,9780380000000.0,5,4.12,Avon,Mass Market Paperback,1076.0,1991.0,1990.0,2021-01-01,2020-02-09,historical-fiction,historical-fiction (#1),read,False,False,False,1,0
38591165,The Doll Factory,Elizabeth Macneal,"Macneal, Elizabeth",,1529002397,9781530000000.0,5,3.78,Picador,Hardcover,336.0,2019.0,2019.0,2021-01-01,2019-07-21,fiction,fiction (#5),read,False,False,False,1,0
245510,"Three Plays: The Father, Miss Julia, Easter",August Stringberg,"Stringberg, August",Peter    Watts,140440828,9780140000000.0,4,3.62,Penguin,Mass Market Paperback,176.0,1972.0,1958.0,2021-01-01,2019-05-10,play,play (#2),read,False,False,False,1,0
19063,The Book Thief,Markus Zusak,"Zusak, Markus",,,,5,4.39,Alfred A. Knopf,Hardcover,592.0,2006.0,2005.0,2021-01-01,2019-05-10,fiction,fiction (#6),read,False,False,False,1,0
6662279,Herbert West—Reanimator,H.P. Lovecraft,"Lovecraft, H.P.",,1409936481,9781410000000.0,4,3.84,Dodo Pr,Paperback,35.0,2008.0,1922.0,2021-01-01,2019-04-03,fiction,fiction (#7),read,False,False,False,1,0
31333,Violin,Anne Rice,"Rice, Anne",,8466302204,9788470000000.0,5,3.33,Suma De Letras,Paperback,289.0,2002.0,1997.0,2021-01-19,2019-04-02,horror-thriller,horror-thriller (#2),read,False,False,False,1,0
5907,"The Hobbit (The Lord of the Rings, #0)",J.R.R. Tolkien,"Tolkien, J.R.R.","Douglas A. Anderson, Michael Hague, Jemima Catlin",,,5,4.29,Houghton Mifflin,Paperback,366.0,2002.0,1937.0,2021-01-01,2019-04-02,fantasy,fantasy (#4),read,True,False,False,1,0
39798828,The Fall of Gondolin (Middle-Earth Universe),J.R.R. Tolkien,"Tolkien, J.R.R.",Christopher Tolkien,1328613046,9781330000000.0,5,4.07,Houghton Mifflin Harcourt,Hardcover,304.0,2018.0,2018.0,2020-02-09,2019-04-02,fantasy,fantasy (#3),read,False,False,False,1,0
41015249,Beren and Lúthien,J.R.R. Tolkien,"Tolkien, J.R.R.",Christopher Tolkien,,,5,4.04,Houghton Mifflin Harcourt,Kindle Edition,321.0,2017.0,2017.0,2021-01-01,2019-04-02,"fantasy, poetry","fantasy (#2), poetry (#3)",read,True,False,False,1,0
